colony,property_type,Total Floors,Property Age,bedrooms,bathrooms,balconies,built_up_area,servant room,store room,furnishing_type,Overlooking_Categories,luxury_category,price
10.0,1.0,1.0,2.0,7,5,0,2800.0,0,0,1,1.0,2.0,105.0
22.0,0.0,2.0,1.0,3,3,1,1567.1999999999998,0,0,1,1.0,2.0,85.0
20.0,0.0,3.0,1.0,2,2,3,957.0,0,0,1,1.0,1.0,25.0
0.0,1.0,2.0,2.0,4,5,1,2400.0,0,0,0,3.0,1.0,65.0
13.0,1.0,3.0,1.0,6,6,2,4000.0,1,1,2,3.0,1.0,650.0
22.0,1.0,1.0,1.0,4,6,2,2400.0,0,1,1,3.0,2.0,75.0
8.0,1.0,3.0,0.0,2,4,0,1800.0,0,0,1,3.0,1.0,65.0
26.0,1.0,2.0,1.0,3,3,2,735.0,0,0,1,1.0,2.0,71.0
22.0,1.0,1.0,1.0,4,4,1,2700.0,0,0,1,3.0,1.0,145.0
29.0,1.0,2.0,0.0,2,1,3,840.0,0,0,1,1.0,2.0,25.0
29.0,1.0,2.0,1.0,3,3,2,3000.0,0,0,0,1.0,1.0,80.0
18.0,1.0,1.0,0.0,3,3,1,1200.0,0,0,1,1.0,1.0,36.9
11.0,1.0,1.0,0.0,3,2,1,1000.0,0,0,1,1.0,1.0,37.0
20.0,0.0,3.0,0.0,1,1,1,600.0,0,0,1,3.0,1.0,10.0
18.0,0.0,4.0,0.0,2,2,2,932.8446053670676,0,0,1,0.0,2.0,33.0
32.0,1.0,3.0,0.0,2,3,3,650.0,0,0,1,3.0,1.0,50.0
4.0,0.0,3.0,0.0,3,3,3,1400.8216490595464,0,1,0,0.0,0.0,69.0
33.0,0.0,5.0,1.0,3,3,2,1360.3983828269734,0,0,1,0.0,2.0,68.0
3.0,0.0,1.0,2.0,2,2,2,762.0,0,0,1,0.0,2.0,23.0
10.0,1.0,3.0,1.0,2,1,1,525.0,0,0,1,3.0,1.0,40.0
10.0,1.0,2.0,2.0,4,4,1,960.0,0,0,0,3.0,1.0,180.0
13.0,1.0,2.0,2.0,3,4,2,1500.0,0,0,1,3.0,1.0,150.0
18.0,1.0,4.0,1.0,4,5,1,1400.0,1,0,1,0.0,1.0,260.0
7.0,0.0,1.0,1.0,3,3,3,1878.0,0,0,0,1.0,2.0,60.0
8.0,1.0,1.0,0.0,3,3,0,675.0,0,0,1,3.0,1.0,40.0
35.0,1.0,2.0,0.0,6,7,3,2100.0,0,1,0,1.0,1.0,200.0
7.0,1.0,2.0,1.0,4,4,1,2850.0,0,0,0,0.0,2.0,295.0
14.0,0.0,1.0,0.0,1,1,1,660.0,0,0,1,3.0,1.0,7.0
35.0,1.0,1.0,2.0,4,4,1,1950.0,0,0,0,1.0,1.0,600.0
17.0,0.0,2.0,2.0,1,1,1,774.0,0,0,0,3.0,1.0,26.0
18.0,0.0,4.0,0.0,2,1,1,660.7649288016728,0,0,1,0.0,2.0,22.5
14.0,1.0,1.0,1.0,3,4,2,1000.0,0,0,1,1.0,2.0,85.0
20.0,1.0,2.0,0.0,3,3,1,1200.0,0,0,1,1.0,2.0,100.0
29.0,1.0,2.0,1.0,4,2,2,2160.0,0,0,1,1.0,1.0,55.0
4.0,0.0,7.0,0.0,4,4,3,1535.3067463332986,0,0,0,0.0,2.0,75.0
20.0,1.0,1.0,1.0,2,2,1,1200.0,0,0,1,1.0,1.0,78.0
7.0,1.0,2.0,2.0,4,3,2,3000.0,1,0,1,1.0,1.0,231.0
20.0,1.0,2.0,0.0,3,3,2,2000.0,0,0,1,1.0,1.0,100.0
36.0,0.0,2.0,1.0,3,3,2,1321.5298576033456,0,0,0,0.0,2.0,82.0
15.0,1.0,1.0,1.0,6,6,2,3000.0,0,0,1,3.0,1.0,100.0
22.0,1.0,2.0,0.0,3,2,1,7500.0,0,0,1,3.0,1.0,39.0
32.0,1.0,2.0,2.0,5,4,2,2400.0,0,0,1,3.0,1.0,200.0
10.0,0.0,2.0,2.0,2,2,0,513.8419034563597,0,0,1,3.0,1.0,26.0
4.0,0.0,6.0,1.0,2,2,3,1800.0,0,0,0,1.0,2.0,35.0
22.0,1.0,1.0,1.0,3,3,0,1350.0,0,0,1,3.0,1.0,45.0
28.0,1.0,1.0,0.0,3,2,0,1530.0,0,0,1,3.0,1.0,59.0
18.0,0.0,3.0,1.0,3,2,2,1200.0,0,0,0,1.0,2.0,58.0
32.0,0.0,1.0,2.0,2,1,2,1200.0,0,0,1,3.0,1.0,45.0
18.0,0.0,3.0,1.0,3,2,2,1320.0,0,0,1,3.0,1.0,45.0
14.0,1.0,1.0,1.0,7,6,3,4600.0,0,0,1,1.0,1.0,175.0
10.0,1.0,2.0,2.0,4,4,2,1440.0,0,0,1,3.0,1.0,125.0
35.0,1.0,1.0,2.0,2,2,1,600.0,0,0,1,1.0,1.0,32.0
34.0,0.0,4.0,1.0,4,4,1,1146.0,0,0,0,3.0,2.0,25.0
34.0,0.0,2.0,2.0,1,1,1,486.0,0,0,1,3.0,1.0,12.0
12.0,1.0,1.0,2.0,3,3,2,3000.0,0,0,1,3.0,1.0,175.0
10.0,1.0,1.0,2.0,4,3,3,2400.0,0,0,0,1.0,1.0,210.0
4.0,0.0,3.0,0.0,1,1,1,388.6852522362781,0,0,1,3.0,2.0,25.0
14.0,1.0,2.0,0.0,4,5,3,1500.0,0,0,0,1.0,1.0,115.0
17.0,1.0,2.0,2.0,5,4,2,1500.0,0,0,1,1.0,1.0,150.0
15.0,1.0,2.0,1.0,2,3,1,600.0,0,0,1,3.0,1.0,31.0
26.0,1.0,2.0,2.0,5,5,2,3200.0,1,1,1,0.0,2.0,170.0
20.0,0.0,2.0,0.0,2,2,2,726.0640511773676,0,0,1,0.0,2.0,22.0
34.0,0.0,3.0,0.0,2,2,1,924.0,0,0,1,3.0,1.0,35.0
30.0,1.0,2.0,1.0,2,2,1,800.0,0,0,0,3.0,1.0,34.9
7.0,0.0,1.0,2.0,2,2,1,900.0,0,0,1,1.0,2.0,23.0
10.0,1.0,1.0,2.0,3,2,2,1200.0,0,0,1,3.0,1.0,70.0
30.0,1.0,2.0,2.0,3,2,2,1500.0,0,0,1,3.0,1.0,56.0
17.0,1.0,2.0,2.0,5,4,3,2550.0,1,0,1,3.0,1.0,270.0
4.0,1.0,1.0,2.0,3,3,0,1500.0,0,1,1,3.0,1.0,65.0
19.0,1.0,2.0,1.0,4,2,1,1000.0,0,0,0,1.0,1.0,70.0
10.0,1.0,2.0,1.0,2,2,2,3200.0,0,0,1,3.0,1.0,69.0
9.0,0.0,4.0,3.0,3,3,0,1620.0,0,0,1,0.0,1.0,42.0
3.0,0.0,2.0,1.0,3,2,2,691.8597489805751,0,0,1,0.0,2.0,20.0
17.0,0.0,2.0,2.0,2,1,1,900.0,0,0,0,3.0,1.0,22.75
5.0,1.0,2.0,0.0,3,3,0,800.0,0,0,1,3.0,1.0,38.0
7.0,0.0,4.0,1.0,3,2,2,1200.0,0,0,0,1.0,2.0,42.0
22.0,1.0,1.0,1.0,3,3,0,450.0,0,0,1,0.0,1.0,25.0
19.0,1.0,3.0,1.0,2,7,3,750.0,0,0,1,3.0,1.0,50.0
26.0,0.0,3.0,1.0,4,4,2,1630.0,0,0,1,0.0,2.0,100.0
1.0,0.0,3.0,2.0,1,1,1,600.0,0,0,1,3.0,1.0,15.0
3.0,1.0,2.0,1.0,4,5,0,1250.0,0,0,1,1.0,1.0,95.0
9.0,1.0,3.0,3.0,5,8,3,3200.0,1,1,1,3.0,1.0,550.0
18.0,1.0,2.0,0.0,4,4,2,1400.0,0,0,1,1.0,1.0,100.0
14.0,0.0,4.0,0.0,2,2,3,1200.0,0,0,1,3.0,1.0,30.0
3.0,0.0,1.0,1.0,1,1,0,310.9482017890225,0,0,1,3.0,1.0,14.0
12.0,0.0,1.0,2.0,1,1,1,477.6,0,0,0,3.0,1.0,43.0
26.0,0.0,2.0,1.0,4,4,2,1206.4790229414073,1,0,1,0.0,2.0,87.0
35.0,1.0,2.0,2.0,3,3,1,3000.0,0,0,1,3.0,1.0,300.0
19.0,1.0,2.0,1.0,2,2,1,400.0,0,0,1,3.0,1.0,27.0
4.0,1.0,3.0,0.0,2,2,2,1500.0,1,0,1,1.0,1.0,315.0
10.0,1.0,1.0,2.0,4,3,2,5400.0,1,0,0,1.0,2.0,250.0
10.0,0.0,1.0,2.0,2,2,2,750.0,0,0,0,3.0,1.0,50.0
10.0,0.0,2.0,2.0,2,2,2,992.0,0,0,0,1.0,2.0,38.0
27.0,1.0,1.0,0.0,3,2,0,1400.0,0,0,1,2.0,1.0,55.0
7.0,1.0,1.0,2.0,3,3,1,2520.0,0,0,1,3.0,2.0,202.0
7.0,1.0,1.0,2.0,2,2,0,720.0,0,0,1,1.0,1.0,35.0
5.0,1.0,2.0,0.0,4,2,0,1650.0,0,0,1,3.0,1.0,130.0
20.0,0.0,4.0,0.0,3,2,2,1350.0,0,0,1,1.0,1.0,30.0
6.0,1.0,2.0,2.0,5,4,2,2200.0,0,0,1,1.0,1.0,110.0
2.0,1.0,3.0,2.0,4,5,1,2500.0,0,0,1,3.0,2.0,105.0
4.0,0.0,1.0,0.0,1,1,0,246.0,0,0,1,3.0,1.0,5.8
4.0,0.0,5.0,1.0,2,1,1,712.0,0,0,1,3.0,2.0,20.0
35.0,1.0,2.0,2.0,5,4,3,2100.0,0,0,1,3.0,1.0,180.0
33.0,0.0,4.0,1.0,3,2,0,824.0127347409097,0,0,1,1.0,2.0,45.0
32.0,1.0,2.0,0.0,3,2,2,1500.0,0,0,1,3.0,1.0,125.0
12.0,0.0,3.0,1.0,3,4,3,2418.0,1,0,1,2.0,2.0,225.0
6.0,1.0,3.0,0.0,2,3,2,2000.0,0,0,2,1.0,1.0,65.0
27.0,1.0,1.0,1.0,3,2,0,900.0,0,0,1,2.0,1.0,29.0
3.0,1.0,2.0,1.0,2,2,2,750.0,0,0,1,0.0,2.0,35.0
16.0,0.0,2.0,0.0,3,2,2,950.0,0,1,0,3.0,2.0,31.5
10.0,1.0,1.0,1.0,4,4,0,2880.0,0,0,1,3.0,1.0,150.0
26.0,0.0,2.0,0.0,3,2,2,1200.0,0,0,1,3.0,2.0,35.0
4.0,0.0,6.0,0.0,3,3,2,1288.8,0,0,0,1.0,1.0,30.5
33.0,0.0,6.0,1.0,3,2,3,1556.0,0,0,1,0.0,2.0,90.0
15.0,1.0,2.0,1.0,3,3,1,1100.0,0,0,0,3.0,1.0,48.0
20.0,0.0,2.0,0.0,2,2,1,779.0,0,0,0,1.0,2.0,25.0
18.0,1.0,2.0,1.0,3,2,1,1350.0,0,0,1,1.0,1.0,42.0
18.0,1.0,2.0,1.0,4,4,3,2400.0,0,0,0,2.0,2.0,125.0
20.0,1.0,2.0,1.0,3,3,2,780.0,0,0,1,1.0,2.0,75.0
22.0,0.0,4.0,1.0,3,2,2,1500.0,0,0,1,0.0,2.0,29.85
24.0,0.0,3.0,2.0,3,2,1,876.0,0,0,1,3.0,1.0,21.0
18.0,0.0,1.0,1.0,2,2,2,1009.026914805378,0,0,1,0.0,2.0,37.0
6.0,0.0,4.0,1.0,3,3,2,1360.3983828269734,0,0,0,0.0,2.0,38.0
32.0,0.0,3.0,2.0,2,2,1,1080.0,0,0,1,3.0,1.0,25.0
32.0,0.0,1.0,2.0,2,2,1,660.0,0,0,1,3.0,1.0,17.0
14.0,0.0,1.0,1.0,3,2,1,1128.0,0,0,1,0.0,2.0,40.0
36.0,1.0,2.0,1.0,4,4,2,1100.0,0,0,1,1.0,2.0,120.0
11.0,1.0,1.0,0.0,1,1,1,550.0,0,0,1,3.0,1.0,15.0
10.0,1.0,1.0,1.0,2,2,1,1200.0,0,0,1,3.0,1.0,35.0
3.0,1.0,3.0,0.0,4,5,2,1150.0,0,0,1,1.0,1.0,85.0
19.0,1.0,3.0,1.0,7,6,0,4500.0,0,0,1,1.0,1.0,95.0
22.0,1.0,2.0,1.0,4,4,2,1500.0,0,0,1,3.0,1.0,80.0
25.0,0.0,1.0,1.0,2,2,1,900.0,0,0,1,0.0,2.0,25.0
26.0,1.0,2.0,1.0,3,4,1,1600.0,0,0,0,3.0,1.0,110.0
1.0,1.0,3.0,1.0,3,3,2,1300.0,1,0,1,1.0,1.0,135.0
10.0,0.0,5.0,0.0,2,2,1,1164.0,0,0,1,0.0,1.0,35.0
3.0,1.0,3.0,0.0,5,3,0,2400.0,0,0,1,3.0,1.0,280.0
19.0,1.0,2.0,0.0,2,1,0,1000.0,0,0,1,3.0,1.0,75.0
35.0,1.0,2.0,0.0,4,5,2,1950.0,0,0,0,3.0,1.0,150.0
28.0,1.0,1.0,1.0,2,2,1,1564.8,0,0,1,3.0,2.0,50.0
10.0,1.0,2.0,2.0,3,2,0,1358.0,0,0,1,1.0,1.0,70.0
18.0,1.0,2.0,1.0,4,4,0,1108.0,0,0,1,0.0,1.0,250.0
32.0,1.0,2.0,2.0,8,5,3,2760.0,0,0,1,3.0,1.0,450.0
14.0,0.0,4.0,1.0,2,1,1,600.0,0,0,1,1.0,2.0,13.5
4.0,1.0,3.0,2.0,5,4,3,3690.0,1,0,0,3.0,2.0,209.0
3.0,0.0,1.0,0.0,2,2,0,900.0,0,0,1,3.0,1.0,22.0
36.0,0.0,4.0,0.0,4,4,0,1500.0,0,0,1,3.0,2.0,85.0
8.0,1.0,3.0,0.0,3,2,0,1200.0,0,0,1,3.0,1.0,42.0
26.0,1.0,2.0,1.0,3,3,1,810.0,0,0,1,3.0,1.0,70.0
29.0,1.0,2.0,1.0,2,2,1,800.0,0,0,1,1.0,1.0,25.0
3.0,0.0,4.0,1.0,2,2,1,742.8,0,0,1,1.0,1.0,22.0
33.0,0.0,7.0,1.0,3,3,2,1375.0,0,0,1,1.0,2.0,57.0
34.0,1.0,2.0,2.0,6,6,1,5200.0,0,0,2,3.0,1.0,250.0
22.0,0.0,3.0,2.0,1,1,2,233.21115134176688,0,0,1,3.0,1.0,20.0
12.0,0.0,8.0,1.0,4,5,3,1962.8605237932045,1,0,1,0.0,2.0,315.0
15.0,0.0,5.0,1.0,2,2,3,825.0,0,0,1,0.0,2.0,22.0
22.0,0.0,2.0,0.0,2,2,2,743.0,0,0,0,3.0,1.0,17.0
18.0,0.0,2.0,0.0,3,3,2,1462.0,0,0,0,0.0,2.0,50.0
4.0,1.0,2.0,0.0,3,3,1,1035.0,0,0,1,3.0,1.0,95.0
10.0,1.0,2.0,2.0,4,3,1,1500.0,0,0,1,3.0,1.0,235.0
18.0,0.0,5.0,1.0,2,2,1,827.8995872632723,0,0,1,1.0,1.0,35.0
18.0,0.0,4.0,2.0,2,2,1,767.0,0,0,1,1.0,2.0,27.0
18.0,0.0,6.0,0.0,2,2,1,1006.0,0,0,0,0.0,2.0,33.0
26.0,0.0,5.0,0.0,3,2,1,971.7131305906952,0,0,0,0.0,2.0,35.0
23.0,0.0,2.0,1.0,2,2,1,900.0,0,0,1,1.0,1.0,26.0
14.0,0.0,3.0,1.0,2,2,3,900.0,0,0,1,0.0,0.0,35.0
0.0,0.0,1.0,2.0,3,2,0,1200.0,0,0,1,3.0,1.0,50.0
26.0,0.0,6.0,0.0,3,4,2,1350.0,0,0,1,3.0,1.0,38.0
33.0,1.0,2.0,0.0,4,4,2,2000.0,0,0,1,0.0,1.0,200.0
3.0,0.0,4.0,2.0,3,2,2,1127.0,0,0,0,3.0,2.0,30.0
16.0,0.0,9.0,1.0,4,5,3,2094.0,1,0,2,0.0,2.0,170.0
13.0,0.0,1.0,2.0,2,2,0,750.0,0,0,1,3.0,1.0,17.0
10.0,1.0,1.0,2.0,2,2,2,900.0,0,0,1,3.0,1.0,30.0
6.0,0.0,5.0,1.0,4,4,2,1399.2669080506012,0,0,0,0.0,2.0,75.0
35.0,0.0,4.0,2.0,2,2,2,840.0,0,0,1,1.0,2.0,31.0
30.0,1.0,2.0,0.0,5,6,3,1800.0,1,0,1,0.0,1.0,128.0
9.0,0.0,6.0,1.0,3,3,2,1589.0,0,0,0,2.0,2.0,68.0
9.0,1.0,3.0,3.0,7,8,3,2906.0,1,1,1,3.0,1.0,500.0
29.0,1.0,2.0,1.0,4,2,2,900.0,0,0,1,3.0,1.0,48.0
25.0,1.0,2.0,0.0,5,7,2,1600.0,1,0,1,3.0,1.0,82.0
7.0,0.0,5.0,0.0,3,2,2,1260.0,0,0,1,0.0,2.0,45.0
4.0,1.0,2.0,2.0,2,2,1,393.0,0,0,1,3.0,1.0,22.0
10.0,0.0,5.0,1.0,4,4,2,3000.0,0,0,1,3.0,2.0,165.0
1.0,1.0,2.0,0.0,6,6,2,2258.0,1,1,2,1.0,2.0,265.0
18.0,0.0,4.0,0.0,3,2,2,1035.0,0,1,0,0.0,0.0,60.0
10.0,1.0,1.0,2.0,2,2,1,450.0,0,0,1,3.0,1.0,6.25
3.0,1.0,2.0,1.0,3,3,1,800.0,0,0,1,0.0,1.0,65.0
23.0,1.0,2.0,1.0,3,3,1,1350.0,0,0,1,3.0,1.0,62.0
22.0,0.0,5.0,0.0,3,2,2,1250.0,0,0,0,1.0,1.0,37.0
10.0,1.0,3.0,1.0,5,6,3,3420.0,0,0,0,1.0,1.0,150.0
14.0,1.0,1.0,2.0,3,2,1,2700.0,0,0,1,3.0,2.0,370.0
23.0,1.0,2.0,0.0,4,3,1,1500.0,0,0,1,0.0,1.0,210.0
19.0,1.0,3.0,1.0,3,2,1,1500.0,0,0,1,3.0,1.0,35.0
14.0,0.0,6.0,1.0,3,3,3,1130.0,0,0,1,1.0,2.0,45.0
17.0,1.0,2.0,2.0,4,3,2,2500.0,0,0,1,1.0,1.0,210.0
18.0,0.0,10.0,1.0,3,3,2,1370.0,0,0,0,2.0,2.0,115.0
30.0,1.0,1.0,2.0,2,2,0,1500.0,0,0,1,3.0,1.0,70.0
22.0,1.0,2.0,1.0,2,2,2,800.0,0,0,1,0.0,1.0,40.0
13.0,0.0,1.0,2.0,2,2,3,1093.2,0,0,1,3.0,1.0,25.0
6.0,0.0,1.0,1.0,13,14,2,3600.0,1,0,0,3.0,1.0,300.0
26.0,0.0,3.0,0.0,3,2,1,1096.0,0,0,1,1.0,1.0,28.0
18.0,0.0,4.0,2.0,2,2,1,960.0,0,0,0,1.0,2.0,26.0
10.0,1.0,2.0,2.0,4,4,2,1440.0,0,0,1,0.0,1.0,120.0
36.0,0.0,6.0,1.0,4,4,1,1525.0,0,0,0,3.0,2.0,100.0
22.0,0.0,1.0,0.0,1,1,0,550.0,0,0,1,3.0,1.0,16.5
21.0,1.0,2.0,1.0,3,5,1,1920.0,0,0,1,3.0,1.0,56.0
26.0,0.0,4.0,1.0,2,2,1,730.7282742042029,0,0,1,0.0,2.0,24.5
26.0,0.0,1.0,1.0,3,2,2,1196.0,0,0,1,0.0,2.0,32.0
11.0,1.0,1.0,0.0,4,3,3,2430.0,0,0,1,1.0,1.0,110.0
15.0,0.0,1.0,1.0,2,2,2,960.0,0,0,1,3.0,1.0,30.0
9.0,1.0,4.0,1.0,6,7,3,7000.0,0,0,1,3.0,1.0,515.0
1.0,0.0,2.0,2.0,3,2,3,1010.5816558143232,0,0,1,3.0,1.0,44.0
32.0,0.0,2.0,2.0,1,1,1,600.0,0,0,1,3.0,1.0,10.5
6.0,1.0,2.0,2.0,4,4,3,3000.0,0,0,1,1.0,1.0,170.0
13.0,1.0,2.0,2.0,4,3,0,2222.0,0,0,0,3.0,1.0,200.0
19.0,1.0,1.0,2.0,6,5,1,2400.0,0,0,1,1.0,1.0,95.0
15.0,1.0,2.0,1.0,3,2,2,600.0,0,0,0,1.0,2.0,45.0
18.0,1.0,3.0,1.0,2,5,2,942.0,0,0,1,3.0,1.0,58.0
4.0,0.0,3.0,0.0,3,3,3,1451.3507318502625,0,0,0,0.0,0.0,70.0
9.0,0.0,3.0,0.0,3,2,0,1041.6764759932253,0,0,1,3.0,1.0,45.0
22.0,0.0,1.0,0.0,2,1,0,660.0,0,0,1,3.0,1.0,15.0
6.0,0.0,2.0,1.0,4,3,0,1495.0,0,0,1,3.0,1.0,51.25
12.0,0.0,5.0,1.0,4,4,3,2100.0,1,0,0,2.0,1.0,200.0
18.0,0.0,5.0,1.0,1,2,2,450.0,0,0,1,0.0,2.0,20.0
25.0,1.0,3.0,2.0,1,4,2,600.0,0,0,1,0.0,1.0,27.0
18.0,0.0,5.0,0.0,3,2,2,1474.0,0,0,2,0.0,2.0,40.0
7.0,1.0,2.0,0.0,4,4,2,2400.0,0,0,1,3.0,1.0,260.0
28.0,1.0,2.0,1.0,3,2,1,1200.0,0,0,1,3.0,1.0,55.0
1.0,0.0,2.0,2.0,2,2,2,621.896403578045,0,0,0,1.0,2.0,30.0
20.0,0.0,1.0,0.0,1,1,0,349.8167270126503,0,0,1,1.0,1.0,13.5
18.0,0.0,1.0,1.0,3,3,1,1731.6,0,0,1,1.0,1.0,55.0
18.0,1.0,3.0,1.0,4,4,2,2500.0,0,0,0,2.0,2.0,140.0
4.0,0.0,5.0,1.0,3,3,3,1680.0,0,0,1,0.0,2.0,45.0
20.0,1.0,2.0,1.0,4,3,2,2640.0,0,1,1,1.0,2.0,200.0
15.0,0.0,4.0,0.0,2,2,0,621.896403578045,0,0,1,3.0,1.0,25.0
2.0,0.0,3.0,2.0,2,2,1,560.0,0,0,1,3.0,1.0,40.0
3.0,0.0,3.0,1.0,2,2,2,1020.0,0,0,0,3.0,1.0,35.0
18.0,0.0,6.0,1.0,3,3,3,1618.8,0,0,0,0.0,2.0,55.0
22.0,1.0,2.0,1.0,3,3,1,1008.0,0,0,1,3.0,1.0,40.0
10.0,0.0,2.0,0.0,2,2,1,850.0,0,0,1,3.0,1.0,32.0
22.0,1.0,2.0,0.0,3,2,1,900.0,0,0,1,3.0,1.0,65.0
14.0,0.0,5.0,1.0,3,3,2,1200.0,0,0,1,0.0,2.0,33.99
3.0,1.0,2.0,0.0,3,3,1,1400.0,0,0,1,0.0,1.0,55.0
32.0,1.0,2.0,0.0,2,2,1,600.0,0,0,1,3.0,1.0,60.0
13.0,1.0,2.0,1.0,6,6,3,8700.0,1,1,2,0.0,2.0,670.0
20.0,1.0,3.0,1.0,5,5,2,3600.0,1,0,1,0.0,1.0,215.0
18.0,0.0,1.0,1.0,3,3,3,1027.683806912719,0,0,1,1.0,2.0,30.0
35.0,1.0,2.0,2.0,2,2,1,450.0,0,0,1,1.0,1.0,35.0
13.0,0.0,1.0,2.0,2,2,3,923.0,0,0,1,3.0,1.0,20.0
35.0,0.0,2.0,0.0,2,2,1,485.8565652953477,0,0,1,3.0,1.0,17.0
18.0,0.0,2.0,0.0,3,2,2,1350.0,0,0,0,0.0,2.0,48.0
22.0,0.0,4.0,0.0,3,2,2,1800.0,0,0,1,1.0,2.0,35.0
22.0,1.0,1.0,3.0,3,3,1,1200.0,0,0,1,1.0,2.0,38.0
19.0,0.0,1.0,1.0,3,2,1,777.3705044725563,0,0,1,3.0,1.0,35.0
17.0,1.0,3.0,1.0,4,3,3,1500.0,0,0,2,3.0,1.0,261.0
10.0,1.0,2.0,2.0,5,4,1,2100.0,0,0,1,3.0,1.0,72.0
14.0,1.0,1.0,2.0,1,1,0,450.0,0,0,1,1.0,2.0,12.5
18.0,0.0,8.0,1.0,4,4,3,2410.0,0,0,1,0.0,2.0,140.0
4.0,0.0,3.0,0.0,2,2,1,840.0,0,0,0,3.0,1.0,26.0
34.0,0.0,1.0,0.0,3,2,3,1200.0,0,0,1,1.0,2.0,50.0
32.0,0.0,3.0,2.0,1,1,1,7800.0,0,0,1,3.0,1.0,14.5
20.0,0.0,3.0,0.0,2,1,1,900.0,0,0,2,3.0,1.0,25.0
20.0,1.0,2.0,1.0,3,3,1,1900.0,0,0,1,1.0,2.0,82.0
9.0,0.0,4.0,2.0,2,2,1,1010.5816558143232,0,0,1,3.0,1.0,40.0
9.0,0.0,1.0,0.0,2,2,2,660.0,0,0,2,1.0,0.0,55.0
14.0,1.0,2.0,1.0,4,4,2,985.0,0,0,1,1.0,1.0,75.0
14.0,1.0,2.0,2.0,3,2,2,1250.0,0,0,1,3.0,2.0,135.0
6.0,0.0,2.0,1.0,3,2,1,1200.0,0,0,1,1.0,2.0,40.0
16.0,0.0,2.0,2.0,3,2,2,1260.0,0,0,1,2.0,1.0,30.0
0.0,0.0,1.0,2.0,2,2,1,720.0,0,0,0,3.0,1.0,23.0
1.0,0.0,3.0,2.0,3,2,2,876.0,0,0,1,3.0,1.0,40.0
31.0,0.0,3.0,0.0,2,2,1,650.0,0,0,1,3.0,1.0,27.0
10.0,1.0,2.0,2.0,5,4,2,1800.0,0,0,1,3.0,1.0,18.0
1.0,1.0,1.0,2.0,3,3,1,2400.0,0,0,1,3.0,1.0,295.0
17.0,1.0,3.0,1.0,7,6,3,3600.0,1,0,1,3.0,1.0,251.0
18.0,0.0,2.0,1.0,3,3,2,1620.0,0,0,1,1.0,2.0,38.0
14.0,1.0,2.0,1.0,4,2,1,1750.0,0,0,1,1.0,1.0,65.0
11.0,1.0,1.0,1.0,1,1,1,765.0,0,0,1,3.0,1.0,29.0
4.0,0.0,6.0,1.0,2,2,2,770.0,0,0,0,1.0,1.0,35.0
6.0,1.0,2.0,2.0,3,3,2,1200.0,0,0,1,3.0,1.0,138.0
9.0,1.0,3.0,1.0,4,3,0,6000.0,0,0,1,3.0,2.0,500.0
4.0,1.0,3.0,2.0,5,5,3,2150.0,1,0,1,1.0,1.0,215.0
10.0,1.0,1.0,1.0,3,2,1,1200.0,0,0,0,3.0,1.0,40.0
11.0,1.0,3.0,0.0,3,2,2,1152.0,0,0,1,3.0,1.0,75.0
22.0,0.0,2.0,0.0,2,2,1,751.0,0,0,1,2.0,2.0,24.99
12.0,0.0,7.0,2.0,2,2,3,1049.4501810379509,0,0,0,0.0,2.0,65.0
32.0,1.0,2.0,2.0,4,4,2,2000.0,0,0,1,3.0,1.0,150.0
14.0,1.0,2.0,1.0,3,3,1,900.0,0,0,1,3.0,2.0,90.0
22.0,0.0,1.0,0.0,2,2,2,917.0,0,0,0,0.0,2.0,27.8
9.0,1.0,2.0,1.0,4,3,2,1600.0,0,0,1,1.0,1.0,137.0
4.0,0.0,8.0,1.0,4,3,3,2580.0,0,0,1,0.0,2.0,55.0
33.0,1.0,2.0,1.0,3,3,2,2000.0,0,0,1,3.0,1.0,110.0
18.0,1.0,2.0,0.0,4,4,2,2400.0,0,0,0,1.0,2.0,150.0
17.0,1.0,3.0,1.0,6,2,2,2000.0,0,0,1,1.0,1.0,48.0
34.0,1.0,1.0,2.0,5,5,2,4140.0,1,1,1,1.0,2.0,560.0
5.0,1.0,2.0,0.0,4,3,1,1800.0,0,0,0,1.0,1.0,92.8
1.0,1.0,1.0,2.0,2,1,0,600.0,0,0,1,3.0,1.0,15.0
20.0,1.0,2.0,1.0,3,3,1,1400.0,0,0,1,1.0,1.0,60.0
33.0,0.0,5.0,1.0,2,2,1,1011.0,0,0,1,0.0,2.0,35.0
34.0,0.0,2.0,0.0,3,2,3,1243.79280715609,0,0,1,3.0,1.0,75.0
13.0,0.0,3.0,1.0,3,2,0,1075.0,0,0,1,3.0,1.0,19.5
20.0,0.0,1.0,1.0,3,2,2,1100.0,0,0,1,0.0,2.0,31.0
26.0,1.0,2.0,1.0,3,3,1,800.0,0,0,1,0.0,1.0,49.0
34.0,1.0,2.0,2.0,5,4,2,1500.0,0,0,0,3.0,1.0,120.0
35.0,0.0,6.0,1.0,4,4,2,2280.0,0,0,1,0.0,2.0,125.0
10.0,1.0,3.0,0.0,5,4,3,2500.0,0,0,1,3.0,1.0,250.0
34.0,1.0,2.0,1.0,2,2,2,450.0,0,0,1,1.0,2.0,30.0
30.0,0.0,1.0,0.0,4,4,3,1500.0,0,0,1,3.0,1.0,57.0
31.0,0.0,1.0,2.0,2,1,0,720.0,0,0,1,3.0,1.0,15.0
24.0,0.0,3.0,1.0,2,2,1,610.2358460109566,0,0,1,3.0,2.0,16.75
21.0,1.0,2.0,1.0,3,3,2,990.0,0,0,1,3.0,1.0,78.0
10.0,1.0,1.0,1.0,1,1,0,840.0,0,0,1,1.0,1.0,15.0
24.0,0.0,3.0,1.0,3,2,3,936.0,0,0,1,3.0,2.0,22.0
18.0,1.0,2.0,0.0,3,3,1,2000.0,0,0,1,3.0,1.0,95.0
34.0,1.0,3.0,2.0,2,5,2,2800.0,0,0,0,1.0,1.0,120.0
22.0,1.0,2.0,0.0,3,3,3,800.0,0,0,1,0.0,2.0,68.0
16.0,1.0,2.0,0.0,4,3,3,1500.0,0,1,1,3.0,1.0,130.0
26.0,1.0,1.0,2.0,4,3,1,2500.0,0,0,1,3.0,1.0,300.0
1.0,1.0,2.0,2.0,4,3,2,3500.0,0,0,1,1.0,1.0,432.0
1.0,0.0,1.0,2.0,3,2,2,1200.0,0,0,1,3.0,1.0,45.0
26.0,0.0,3.0,1.0,3,3,2,1561.0,1,0,0,2.0,0.0,69.0
14.0,1.0,2.0,3.0,5,5,2,3200.0,0,1,1,0.0,2.0,250.0
12.0,0.0,1.0,2.0,2,2,0,600.0,0,0,1,3.0,1.0,25.0
24.0,0.0,1.0,2.0,3,2,3,1250.0,0,0,1,3.0,1.0,23.0
29.0,1.0,1.0,1.0,2,1,1,786.0,0,0,1,1.0,1.0,19.9
9.0,0.0,5.0,1.0,2,3,2,1500.0,0,0,1,1.0,2.0,70.0
33.0,1.0,1.0,1.0,3,3,2,1200.0,0,0,1,1.0,2.0,86.0
0.0,1.0,4.0,2.0,1,4,1,450.0,0,0,1,1.0,1.0,55.0
18.0,0.0,5.0,0.0,3,2,2,1041.6764759932253,0,0,0,0.0,2.0,40.0
18.0,1.0,2.0,1.0,7,7,3,5125.0,0,0,1,0.0,2.0,225.0
20.0,0.0,6.0,0.0,2,2,1,880.8,0,0,0,0.0,2.0,20.0
26.0,1.0,1.0,1.0,1,1,0,512.0,0,0,1,3.0,1.0,29.0
20.0,0.0,4.0,0.0,3,2,1,1158.0,0,0,1,0.0,2.0,32.0
18.0,1.0,2.0,1.0,4,4,2,2300.0,1,1,1,0.0,2.0,125.0
20.0,1.0,2.0,1.0,3,3,1,1750.0,0,0,0,1.0,2.0,95.0
10.0,0.0,1.0,2.0,2,2,1,660.0,0,0,1,3.0,2.0,23.0
10.0,1.0,2.0,2.0,3,2,1,720.0,0,0,1,1.0,1.0,65.0
35.0,1.0,2.0,2.0,4,4,1,2000.0,0,0,1,3.0,1.0,140.0
26.0,1.0,2.0,1.0,4,4,2,2000.0,0,0,1,1.0,1.0,120.0
9.0,0.0,2.0,1.0,2,2,1,800.0,0,0,1,0.0,2.0,35.0
19.0,1.0,2.0,1.0,4,4,2,1000.0,0,0,1,3.0,1.0,95.0
15.0,0.0,1.0,1.0,2,2,2,681.6,0,0,1,3.0,1.0,32.0
20.0,0.0,6.0,3.0,3,2,2,902.0,0,0,1,0.0,2.0,30.0
28.0,1.0,2.0,1.0,2,2,1,780.0,0,0,1,3.0,2.0,58.0
4.0,1.0,2.0,0.0,4,4,2,1250.0,0,0,1,1.0,1.0,150.0
12.0,0.0,8.0,2.0,3,3,2,1682.4,0,0,1,1.0,2.0,141.0
3.0,1.0,1.0,0.0,2,2,0,1077.0,0,0,1,3.0,1.0,52.0
1.0,0.0,2.0,2.0,3,2,3,1327.0,0,0,1,3.0,1.0,50.0
6.0,1.0,2.0,1.0,3,2,1,950.0,0,0,1,3.0,1.0,75.0
26.0,1.0,2.0,1.0,5,3,2,1000.0,1,0,1,3.0,1.0,80.0
4.0,0.0,3.0,2.0,2,2,1,960.0,0,0,1,3.0,2.0,32.0
20.0,1.0,2.0,0.0,3,3,0,969.0,0,0,1,1.0,1.0,80.0
11.0,1.0,1.0,1.0,1,1,1,1350.0,0,0,1,1.0,1.0,20.0
10.0,1.0,2.0,0.0,3,3,2,1246.0,0,0,1,3.0,1.0,70.0
26.0,1.0,2.0,1.0,5,4,3,4200.0,1,0,1,3.0,1.0,140.0
24.0,0.0,2.0,0.0,3,2,3,1290.0,0,0,1,0.0,2.0,22.0
25.0,1.0,1.0,2.0,3,2,0,800.0,0,0,1,1.0,1.0,40.0
15.0,0.0,5.0,1.0,3,3,2,1430.0,0,0,1,3.0,1.0,37.0
18.0,1.0,1.0,0.0,3,3,1,788.0,0,0,1,1.0,1.0,36.1
28.0,1.0,2.0,0.0,2,2,1,1530.0,0,0,1,3.0,2.0,50.0
17.0,1.0,2.0,2.0,6,4,3,3600.0,0,0,1,3.0,2.0,320.0
12.0,1.0,2.0,2.0,5,4,1,1000.0,0,0,2,1.0,2.0,170.0
23.0,1.0,2.0,0.0,4,3,1,2500.0,0,0,2,0.0,1.0,225.0
23.0,0.0,1.0,0.0,2,2,1,900.0,0,0,1,3.0,1.0,25.0
12.0,0.0,2.0,1.0,3,4,2,2580.0,1,0,0,2.0,2.0,250.0
0.0,0.0,1.0,1.0,3,2,1,915.6,0,0,2,3.0,1.0,18.5
4.0,1.0,3.0,1.0,5,4,1,2550.0,0,0,1,3.0,1.0,155.0
19.0,1.0,2.0,0.0,2,3,2,750.0,0,0,1,3.0,1.0,35.0
15.0,1.0,2.0,1.0,3,3,1,1100.0,0,0,1,1.0,1.0,40.0
20.0,0.0,6.0,0.0,3,2,3,1088.3187062615789,0,0,1,0.0,2.0,34.0
22.0,0.0,2.0,0.0,2,2,0,485.8565652953477,0,0,1,3.0,1.0,22.0
4.0,0.0,1.0,1.0,3,3,3,1794.0,0,0,1,2.0,2.0,55.0
19.0,1.0,1.0,0.0,2,2,2,1050.0,0,0,1,1.0,2.0,55.0
22.0,0.0,3.0,2.0,2,2,1,528.0,0,0,1,3.0,2.0,15.0
22.0,0.0,2.0,2.0,2,2,1,696.0,0,0,1,3.0,1.0,17.0
15.0,0.0,3.0,0.0,3,2,1,1300.0,0,0,0,3.0,2.0,32.0
18.0,1.0,2.0,1.0,3,3,2,1100.0,0,0,1,2.0,1.0,40.0
22.0,1.0,3.0,1.0,4,4,2,1250.0,0,0,2,1.0,1.0,225.0
27.0,1.0,2.0,1.0,4,3,1,1456.0,0,0,1,3.0,1.0,102.0
33.0,1.0,3.0,1.0,4,4,2,2000.0,0,0,1,1.0,1.0,90.0
28.0,1.0,1.0,1.0,2,2,1,730.0,0,0,1,3.0,1.0,16.0
10.0,1.0,2.0,0.0,4,4,2,4500.0,0,0,0,0.0,0.0,500.0
18.0,0.0,6.0,1.0,2,2,1,880.7607815674062,0,0,0,1.0,2.0,40.0
36.0,0.0,2.0,1.0,2,2,1,1067.0,0,0,1,1.0,2.0,35.0
18.0,1.0,3.0,1.0,6,7,3,5500.0,1,0,2,1.0,0.0,500.0
14.0,0.0,1.0,2.0,2,2,1,583.0278783544172,0,0,1,3.0,1.0,25.0
22.0,1.0,1.0,1.0,2,1,0,800.0,0,0,1,3.0,1.0,30.0
22.0,0.0,1.0,0.0,3,2,1,800.0,0,0,1,3.0,1.0,55.0
14.0,1.0,2.0,2.0,2,1,0,450.0,0,0,1,1.0,2.0,12.5
25.0,0.0,3.0,1.0,2,2,1,720.0,0,0,1,3.0,1.0,20.0
35.0,0.0,1.0,2.0,4,3,0,700.0,0,0,1,3.0,1.0,21.0
18.0,0.0,1.0,0.0,3,2,3,1049.4501810379509,0,0,1,3.0,1.0,32.0
14.0,1.0,1.0,1.0,2,2,1,1000.0,0,0,1,3.0,1.0,25.0
4.0,1.0,2.0,2.0,3,3,2,800.0,0,0,1,1.0,1.0,60.0
3.0,0.0,5.0,0.0,3,2,2,850.0,0,0,0,1.0,2.0,29.0
18.0,1.0,2.0,1.0,3,3,1,1560.0,0,0,1,1.0,1.0,45.0
20.0,0.0,8.0,0.0,2,2,2,840.0,0,0,2,1.0,2.0,30.0
29.0,1.0,2.0,1.0,3,2,2,1000.0,0,0,1,1.0,2.0,49.0
29.0,1.0,3.0,1.0,3,4,2,650.0,0,0,1,3.0,1.0,35.0
5.0,1.0,2.0,2.0,3,3,1,1650.0,0,0,0,3.0,2.0,110.0
23.0,0.0,5.0,0.0,3,3,0,1480.0,0,0,1,3.0,1.0,75.0
22.0,1.0,2.0,1.0,3,3,2,1100.0,0,0,1,0.0,1.0,75.0
18.0,0.0,5.0,1.0,3,2,2,1185.0,0,0,0,3.0,2.0,55.0
22.0,0.0,1.0,2.0,2,2,2,780.0,0,0,1,1.0,1.0,24.0
24.0,0.0,2.0,0.0,3,2,0,777.3705044725563,0,0,1,0.0,2.0,22.0
19.0,0.0,3.0,1.0,2,2,2,884.4,0,0,1,3.0,1.0,26.0
20.0,0.0,1.0,0.0,2,2,1,810.0,0,0,1,0.0,2.0,25.0
11.0,1.0,1.0,0.0,4,3,0,2000.0,0,0,1,1.0,1.0,50.0
12.0,0.0,4.0,1.0,3,3,2,1765.0,1,0,0,2.0,2.0,200.0
9.0,0.0,3.0,1.0,2,2,1,583.0278783544172,0,0,1,3.0,1.0,22.0
27.0,0.0,2.0,1.0,1,1,1,660.0,0,0,1,1.0,1.0,11.5
22.0,1.0,3.0,1.0,2,1,0,1500.0,0,0,0,3.0,1.0,400.0
26.0,0.0,3.0,0.0,2,1,1,520.8382379966126,0,0,1,0.0,2.0,20.0
31.0,1.0,2.0,2.0,4,5,0,3000.0,0,1,0,3.0,1.0,125.0
4.0,0.0,3.0,0.0,1,1,2,550.0,0,0,0,3.0,2.0,23.9
22.0,0.0,5.0,1.0,3,1,3,1134.960936529932,0,0,1,2.0,2.0,49.99
9.0,1.0,2.0,1.0,4,4,1,3050.0,0,0,1,1.0,1.0,150.0
6.0,1.0,2.0,2.0,3,3,1,2000.0,0,0,1,1.0,2.0,90.0
27.0,0.0,2.0,0.0,2,2,2,829.0,0,0,2,3.0,1.0,26.5
18.0,0.0,1.0,0.0,3,2,2,1680.0,0,0,1,0.0,2.0,32.0
17.0,0.0,1.0,2.0,3,2,1,1165.2,0,0,1,3.0,1.0,28.0
18.0,1.0,3.0,1.0,5,4,2,4000.0,1,0,0,1.0,2.0,215.0
22.0,0.0,2.0,1.0,2,2,2,863.0,0,0,0,0.0,2.0,36.0
19.0,1.0,2.0,1.0,4,2,0,1200.0,0,0,1,3.0,1.0,24.0
9.0,0.0,5.0,0.0,1,1,1,350.0,0,0,1,0.0,2.0,15.0
3.0,0.0,3.0,0.0,2,2,2,1126.8,0,0,1,1.0,1.0,24.0
10.0,0.0,3.0,0.0,2,2,0,583.0278783544172,0,0,1,3.0,1.0,28.0
26.0,0.0,2.0,0.0,2,2,0,730.7282742042029,0,0,1,0.0,2.0,25.5
20.0,0.0,3.0,1.0,2,2,0,1440.0,0,0,1,0.0,2.0,29.5
14.0,0.0,2.0,0.0,2,1,3,900.0,0,0,1,3.0,1.0,30.0
30.0,1.0,1.0,0.0,2,2,0,650.0,0,0,1,3.0,1.0,55.0
19.0,1.0,2.0,2.0,2,2,1,1500.0,0,0,1,3.0,1.0,60.0
12.0,0.0,1.0,2.0,2,1,1,809.0,0,0,0,3.0,1.0,47.0
22.0,1.0,2.0,1.0,3,3,2,1600.0,0,0,1,2.0,2.0,65.0
20.0,0.0,2.0,1.0,3,2,2,1152.0,0,0,1,1.0,2.0,36.0
15.0,1.0,2.0,2.0,2,3,1,1140.0,0,0,1,3.0,1.0,45.0
6.0,1.0,3.0,0.0,7,8,2,5400.0,1,0,2,0.0,1.0,860.0
35.0,1.0,2.0,0.0,5,3,1,1500.0,0,0,1,1.0,1.0,175.0
14.0,1.0,2.0,1.0,3,3,2,800.0,0,0,1,3.0,1.0,42.0
9.0,0.0,5.0,1.0,3,3,2,1320.0,0,0,1,0.0,2.0,55.0
9.0,0.0,2.0,0.0,5,5,2,2172.0,0,0,0,1.0,0.0,300.0
20.0,1.0,2.0,0.0,4,4,1,2144.0,0,0,1,1.0,1.0,125.0
25.0,0.0,1.0,1.0,2,2,1,900.0,0,0,1,0.0,2.0,20.0
26.0,0.0,4.0,1.0,3,2,2,707.4071590700262,0,0,0,3.0,1.0,41.0
26.0,0.0,2.0,0.0,1,1,1,360.0,0,0,1,3.0,2.0,10.0
9.0,0.0,1.0,0.0,3,3,2,1173.8294617535598,0,0,1,1.0,2.0,56.0
36.0,0.0,4.0,1.0,4,4,1,1574.1752715569264,0,0,0,3.0,2.0,95.0
18.0,0.0,3.0,0.0,1,1,1,720.0,0,0,1,0.0,2.0,18.0
20.0,0.0,6.0,0.0,2,2,1,841.0,0,0,0,0.0,2.0,20.5
36.0,0.0,7.0,0.0,4,3,1,1435.0,0,0,0,1.0,2.0,75.0
35.0,1.0,2.0,2.0,3,3,3,2400.0,0,0,1,3.0,2.0,290.0
22.0,1.0,2.0,1.0,3,3,2,1400.0,0,0,1,1.0,1.0,55.0
22.0,0.0,2.0,2.0,2,2,1,960.0,0,0,1,3.0,1.0,23.0
1.0,1.0,3.0,0.0,5,6,3,1406.0,0,0,1,3.0,1.0,225.0
9.0,0.0,1.0,1.0,3,2,2,1100.0,0,0,1,0.0,2.0,56.0
20.0,0.0,3.0,0.0,2,2,2,960.0,0,0,1,1.0,1.0,25.0
20.0,0.0,2.0,0.0,3,3,2,1500.0,0,0,1,0.0,2.0,50.0
10.0,1.0,1.0,1.0,2,2,1,1200.0,0,0,0,3.0,2.0,45.0
5.0,1.0,2.0,1.0,4,4,2,1536.0,0,0,1,1.0,1.0,135.0
10.0,1.0,1.0,0.0,1,1,0,450.0,0,0,1,3.0,1.0,20.0
26.0,0.0,2.0,0.0,2,2,0,730.7282742042029,0,0,1,0.0,2.0,24.0
10.0,1.0,1.0,1.0,1,2,0,816.0,0,0,1,3.0,1.0,25.0
22.0,1.0,1.0,2.0,4,4,1,600.0,0,1,1,3.0,1.0,40.0
9.0,0.0,6.0,1.0,5,4,3,3000.0,0,0,0,1.0,1.0,250.0
3.0,1.0,2.0,2.0,3,2,2,1600.0,0,0,1,3.0,1.0,63.0
10.0,1.0,2.0,2.0,6,6,3,3000.0,0,0,0,3.0,2.0,550.0
22.0,0.0,3.0,2.0,3,2,3,710.5166410879164,0,0,1,1.0,1.0,18.0
7.0,0.0,3.0,1.0,3,2,1,1980.0,0,0,0,0.0,2.0,58.0
9.0,1.0,2.0,2.0,3,2,2,1000.0,0,0,1,1.0,1.0,61.0
7.0,1.0,2.0,3.0,6,6,2,10760.0,1,1,0,0.0,2.0,800.0
9.0,0.0,6.0,1.0,2,2,1,884.0,0,0,1,0.0,2.0,35.5
26.0,1.0,2.0,0.0,4,4,3,1810.0,0,0,1,1.0,1.0,108.0
11.0,1.0,1.0,0.0,1,1,1,550.0,0,0,1,3.0,1.0,16.0
22.0,1.0,2.0,1.0,3,2,1,1035.0,0,0,1,1.0,1.0,65.0
26.0,0.0,2.0,0.0,3,4,1,1640.0,1,0,2,0.0,2.0,55.0
22.0,0.0,5.0,1.0,2,2,2,936.0,0,0,0,3.0,2.0,16.0
18.0,0.0,1.0,1.0,3,3,3,1440.0,1,0,2,2.0,0.0,48.0
9.0,0.0,2.0,2.0,3,2,2,1207.2,0,0,0,3.0,2.0,55.0
10.0,1.0,3.0,1.0,4,4,3,1500.0,0,0,1,3.0,1.0,250.0
21.0,0.0,5.0,1.0,2,2,3,583.0278783544172,0,0,1,0.0,1.0,17.0
18.0,1.0,2.0,0.0,3,3,1,1896.0,0,0,1,0.0,2.0,63.0
6.0,1.0,2.0,2.0,4,4,2,2200.0,0,0,1,0.0,2.0,140.0
35.0,1.0,1.0,2.0,4,2,0,1100.0,0,0,1,1.0,1.0,45.0
20.0,0.0,3.0,0.0,2,2,2,870.0,0,0,0,3.0,2.0,25.5
28.0,1.0,1.0,1.0,2,2,0,750.0,0,0,1,3.0,1.0,30.0
24.0,0.0,3.0,1.0,2,2,2,632.0,0,0,1,0.0,2.0,20.0
15.0,1.0,3.0,2.0,2,6,2,2000.0,0,0,1,1.0,1.0,110.0
10.0,1.0,2.0,0.0,2,5,3,900.0,0,0,1,1.0,1.0,75.0
5.0,1.0,2.0,0.0,4,4,2,1536.0,0,0,1,1.0,1.0,130.0
3.0,1.0,2.0,1.0,3,3,1,1000.0,0,0,1,0.0,1.0,60.0
14.0,1.0,2.0,0.0,3,3,2,1165.0,0,0,2,0.0,0.0,100.0
6.0,0.0,5.0,1.0,3,3,2,1361.0,0,0,0,3.0,2.0,60.0
12.0,0.0,6.0,1.0,2,2,1,804.0,0,0,0,3.0,1.0,55.0
4.0,1.0,2.0,1.0,4,5,2,4500.0,1,0,0,0.0,2.0,270.0
3.0,1.0,1.0,0.0,2,1,0,1000.0,0,1,1,3.0,1.0,75.0
20.0,0.0,4.0,0.0,2,2,2,858.0,0,0,1,0.0,2.0,36.75
18.0,0.0,5.0,1.0,3,2,2,1620.0,0,0,1,0.0,2.0,41.0
19.0,0.0,5.0,0.0,2,2,2,840.0,0,0,1,1.0,2.0,22.5
13.0,0.0,1.0,2.0,2,2,2,678.0,0,0,1,3.0,1.0,38.0
15.0,0.0,4.0,0.0,2,2,1,1020.0,0,0,1,3.0,1.0,19.0
4.0,0.0,3.0,0.0,1,1,2,550.0,0,0,0,3.0,2.0,21.9
20.0,1.0,2.0,1.0,4,3,2,2100.0,0,0,1,3.0,2.0,75.0
3.0,1.0,2.0,1.0,3,2,2,500.0,0,0,1,3.0,1.0,35.0
15.0,0.0,2.0,0.0,2,2,2,840.0,0,0,1,3.0,1.0,21.5
6.0,1.0,2.0,1.0,5,5,3,4800.0,0,0,2,1.0,1.0,325.0
10.0,1.0,3.0,2.0,3,4,2,1800.0,1,1,1,3.0,1.0,40.0
9.0,0.0,1.0,2.0,3,2,1,918.0,0,0,0,1.0,1.0,32.0
19.0,1.0,2.0,2.0,7,7,0,1250.0,0,0,1,3.0,1.0,100.0
33.0,0.0,2.0,1.0,3,2,3,1320.0,0,0,1,1.0,2.0,45.0
15.0,0.0,4.0,0.0,3,2,1,1200.0,0,0,1,1.0,1.0,25.0
22.0,0.0,1.0,0.0,2,1,1,759.6,0,0,1,3.0,1.0,14.5
20.0,0.0,1.0,0.0,1,1,0,540.0,0,0,0,1.0,1.0,13.5
15.0,1.0,2.0,0.0,3,2,2,600.0,0,0,1,1.0,2.0,47.0
4.0,1.0,1.0,2.0,6,5,0,4000.0,0,0,1,1.0,1.0,320.0
27.0,0.0,2.0,1.0,2,2,3,1296.0,0,0,1,1.0,2.0,25.0
15.0,0.0,3.0,1.0,1,1,1,422.4,0,0,1,3.0,1.0,8.0
18.0,1.0,2.0,0.0,4,3,2,1176.0,0,0,1,1.0,1.0,135.0
15.0,1.0,3.0,2.0,4,12,2,7000.0,1,0,1,3.0,1.0,125.0
1.0,1.0,2.0,2.0,3,2,1,1500.0,0,0,1,1.0,1.0,190.0
26.0,0.0,6.0,1.0,2,2,2,1440.0,0,0,1,3.0,1.0,36.0
3.0,1.0,2.0,0.0,5,3,0,1000.0,0,0,1,0.0,1.0,75.0
32.0,1.0,2.0,2.0,4,2,2,1000.0,0,0,1,3.0,1.0,58.0
33.0,0.0,3.0,1.0,3,2,3,1381.0,0,0,1,0.0,2.0,50.0
18.0,1.0,2.0,0.0,3,3,2,1200.0,0,0,1,1.0,1.0,110.0
17.0,0.0,2.0,2.0,2,2,1,1200.0,0,0,0,1.0,1.0,30.0
4.0,0.0,1.0,2.0,2,2,2,820.1258822185468,0,0,1,1.0,2.0,32.5
34.0,0.0,1.0,0.0,2,1,0,660.0,0,0,1,3.0,1.0,15.0
12.0,0.0,2.0,2.0,3,1,0,900.0,0,0,0,3.0,1.0,85.0
21.0,0.0,3.0,1.0,3,2,2,1200.0,0,0,1,1.0,2.0,30.0
31.0,0.0,1.0,1.0,2,2,0,466.42230268353376,0,0,1,3.0,1.0,16.0
5.0,1.0,2.0,0.0,3,3,1,800.0,0,0,1,3.0,1.0,60.0
33.0,0.0,5.0,2.0,3,2,2,1425.0,0,0,0,1.0,2.0,45.0
35.0,1.0,2.0,0.0,6,5,2,2100.0,0,0,2,3.0,1.0,300.0
9.0,0.0,11.0,1.0,3,3,2,1515.0,0,0,1,0.0,2.0,165.0
35.0,0.0,1.0,1.0,3,3,0,1200.0,0,0,0,3.0,2.0,78.0
1.0,1.0,1.0,2.0,2,1,0,600.0,0,0,1,3.0,1.0,15.5
5.0,1.0,2.0,0.0,3,3,2,1100.0,0,0,1,3.0,1.0,75.0
20.0,0.0,3.0,0.0,2,2,1,640.0,0,0,1,1.0,2.0,30.0
9.0,1.0,3.0,1.0,4,4,3,1500.0,1,0,1,1.0,1.0,160.0
31.0,0.0,3.0,0.0,2,2,1,427.5537774599059,0,0,1,3.0,1.0,27.0
10.0,0.0,10.0,1.0,3,3,2,1185.0,0,0,1,1.0,2.0,65.0
6.0,1.0,2.0,1.0,3,4,1,2400.0,0,0,1,0.0,1.0,135.0
4.0,0.0,1.0,1.0,3,2,1,1081.0,0,0,1,0.0,2.0,41.0
18.0,0.0,9.0,1.0,3,3,3,1286.0,0,0,1,3.0,2.0,55.0
19.0,1.0,4.0,1.0,5,10,3,3400.0,0,0,1,3.0,1.0,105.0
19.0,1.0,1.0,2.0,3,2,0,900.0,0,0,1,1.0,1.0,35.0
31.0,0.0,2.0,1.0,2,2,1,505.2908279071616,0,0,1,3.0,1.0,26.0
26.0,0.0,5.0,1.0,2,1,1,505.2908279071616,0,0,1,0.0,2.0,16.0
33.0,0.0,5.0,0.0,2,2,2,960.0,0,0,1,0.0,2.0,28.0
19.0,1.0,1.0,0.0,2,1,0,660.0,0,0,0,3.0,1.0,27.0
29.0,1.0,1.0,0.0,2,2,0,1125.0,0,0,1,1.0,1.0,25.0
16.0,0.0,2.0,2.0,1,1,1,480.0,0,0,1,1.0,1.0,8.0
22.0,0.0,4.0,0.0,3,3,2,1404.0,0,0,0,3.0,2.0,45.0
2.0,1.0,2.0,2.0,4,5,1,1000.0,0,0,1,3.0,1.0,65.0
28.0,1.0,2.0,1.0,5,5,3,2400.0,0,0,1,3.0,1.0,60.0
9.0,1.0,2.0,1.0,4,3,2,1872.0,0,0,1,0.0,2.0,226.0
9.0,1.0,1.0,0.0,4,5,2,3000.0,0,0,1,1.0,1.0,145.0
32.0,1.0,2.0,2.0,8,4,3,2000.0,0,1,1,3.0,1.0,140.0
15.0,1.0,2.0,2.0,4,3,2,3500.0,0,0,1,1.0,1.0,200.0
14.0,1.0,2.0,1.0,4,4,1,2400.0,0,0,1,1.0,2.0,76.99
24.0,0.0,3.0,0.0,3,2,3,960.0,0,0,1,1.0,1.0,20.5
0.0,1.0,2.0,2.0,6,5,2,1500.0,1,0,1,3.0,1.0,150.0
0.0,0.0,2.0,0.0,2,2,1,750.0,0,0,1,3.0,1.0,26.0
6.0,0.0,1.0,2.0,3,3,2,1080.0,0,0,2,3.0,2.0,95.0
17.0,1.0,3.0,1.0,3,8,3,1200.0,0,0,1,3.0,1.0,149.0
0.0,1.0,3.0,2.0,2,2,1,1500.0,0,0,1,1.0,1.0,53.0
25.0,1.0,2.0,1.0,3,3,1,1800.0,0,0,0,1.0,2.0,84.0
4.0,0.0,4.0,0.0,2,2,1,656.87807627931,0,0,1,3.0,1.0,25.0
12.0,1.0,2.0,2.0,3,2,2,3000.0,0,0,1,1.0,1.0,624.0
34.0,0.0,3.0,1.0,2,2,1,901.2,0,0,1,3.0,2.0,25.0
13.0,1.0,2.0,2.0,5,5,3,4200.0,1,1,0,3.0,1.0,325.0
10.0,1.0,2.0,2.0,3,3,3,2160.0,0,0,1,3.0,1.0,30.0
12.0,0.0,4.0,2.0,2,2,2,902.0,0,0,1,1.0,2.0,51.0
22.0,0.0,4.0,0.0,5,5,3,3840.0,1,0,1,1.0,2.0,175.0
18.0,0.0,6.0,1.0,2,2,1,850.0,0,0,1,0.0,0.0,35.0
12.0,1.0,1.0,2.0,3,3,2,1100.0,0,0,1,3.0,1.0,360.0
0.0,0.0,3.0,2.0,2,2,1,540.0,0,0,1,3.0,1.0,25.0
6.0,0.0,1.0,1.0,3,3,2,1584.0,0,0,0,0.0,0.0,53.0
35.0,1.0,3.0,2.0,8,6,2,5000.0,0,0,1,1.0,1.0,210.0
1.0,0.0,1.0,2.0,2,2,1,550.0,0,0,0,3.0,1.0,25.9
36.0,0.0,5.0,2.0,2,2,2,996.0,0,0,1,1.0,2.0,36.0
30.0,0.0,1.0,0.0,2,2,2,750.0,0,0,1,3.0,1.0,20.0
26.0,0.0,2.0,1.0,3,2,2,1080.0,0,0,0,3.0,1.0,43.0
34.0,1.0,3.0,2.0,6,4,0,4000.0,0,0,1,1.0,1.0,350.0
3.0,1.0,1.0,1.0,1,1,2,360.0,0,0,1,1.0,2.0,13.0
5.0,1.0,1.0,2.0,3,2,1,1300.0,0,0,1,3.0,2.0,85.0
34.0,0.0,2.0,1.0,3,2,1,1080.0,0,0,0,3.0,1.0,45.0
22.0,0.0,2.0,0.0,3,3,2,1373.0,0,0,0,2.0,2.0,50.0
10.0,1.0,2.0,0.0,4,8,3,3500.0,1,0,1,1.0,1.0,90.0
13.0,1.0,2.0,2.0,4,4,3,1500.0,0,0,1,3.0,1.0,150.0
22.0,0.0,3.0,0.0,1,2,1,900.0,0,0,1,1.0,2.0,25.0
16.0,1.0,2.0,0.0,4,4,2,3400.0,0,0,0,3.0,1.0,225.0
22.0,1.0,2.0,1.0,3,3,2,1300.0,0,0,0,3.0,2.0,39.5
9.0,1.0,2.0,1.0,3,3,2,900.0,0,0,1,1.0,1.0,95.0
35.0,1.0,2.0,2.0,3,3,2,2400.0,0,0,1,1.0,2.0,270.0
21.0,1.0,1.0,2.0,2,1,0,600.0,0,0,1,3.0,1.0,25.0
3.0,1.0,1.0,1.0,3,3,1,1420.0,0,0,1,0.0,2.0,75.0
9.0,1.0,3.0,1.0,6,7,2,4579.0,0,0,1,3.0,2.0,285.0
15.0,0.0,3.0,0.0,2,2,1,654.0,0,0,1,3.0,2.0,18.0
18.0,1.0,17.0,1.0,3,3,1,1800.0,0,0,0,2.0,1.0,115.0
22.0,0.0,5.0,1.0,2,2,3,671.0,0,0,1,1.0,1.0,20.0
15.0,0.0,2.0,0.0,3,3,3,1440.0,0,0,0,3.0,1.0,42.0
12.0,1.0,2.0,2.0,9,6,2,3500.0,1,0,0,3.0,1.0,140.0
19.0,0.0,6.0,0.0,3,2,1,1260.0,0,0,1,1.0,1.0,34.0
23.0,0.0,5.0,1.0,3,2,2,1560.0,0,0,1,3.0,1.0,48.0
26.0,0.0,2.0,0.0,3,2,1,952.0,0,0,1,0.0,2.0,36.0
18.0,0.0,5.0,0.0,3,3,2,1292.0,0,0,0,3.0,2.0,45.0
4.0,0.0,2.0,2.0,2,2,3,768.0,0,0,1,1.0,2.0,30.0
18.0,0.0,1.0,0.0,3,2,2,928.0,0,0,1,0.0,2.0,33.0
4.0,0.0,1.0,1.0,1,1,0,400.0,0,0,1,3.0,2.0,12.9
26.0,1.0,2.0,0.0,2,3,1,600.0,0,0,1,3.0,1.0,40.0
22.0,1.0,2.0,1.0,3,3,1,1400.0,0,0,1,2.0,2.0,45.0
9.0,1.0,2.0,2.0,3,2,2,1000.0,0,0,1,1.0,1.0,60.0
22.0,0.0,3.0,0.0,2,2,1,1003.2,0,0,2,3.0,1.0,30.0
9.0,1.0,2.0,0.0,4,4,2,1300.0,0,0,1,3.0,1.0,130.0
6.0,0.0,3.0,1.0,3,3,2,1301.0,0,0,0,1.0,1.0,62.0
32.0,1.0,3.0,1.0,5,3,2,2400.0,0,0,1,3.0,1.0,350.0
6.0,0.0,5.0,1.0,3,2,1,1620.0,0,0,1,3.0,1.0,55.0
35.0,0.0,1.0,2.0,2,2,1,840.0,0,0,1,3.0,1.0,30.0
9.0,0.0,4.0,0.0,2,1,1,540.0,0,0,0,3.0,2.0,30.0
20.0,1.0,2.0,0.0,3,3,1,920.0,0,0,1,0.0,2.0,73.0
22.0,0.0,1.0,0.0,3,3,3,1150.0,0,0,0,3.0,2.0,62.0
20.0,0.0,5.0,2.0,2,2,2,1200.0,0,0,1,0.0,2.0,20.0
36.0,0.0,3.0,0.0,3,3,2,967.04890756386,0,0,1,0.0,2.0,65.0
10.0,1.0,2.0,0.0,3,2,1,400.0,0,0,0,3.0,1.0,22.0
22.0,0.0,3.0,1.0,2,2,2,819.5999999999999,0,0,1,3.0,1.0,20.0
19.0,1.0,2.0,1.0,4,2,2,863.0,0,0,1,1.0,1.0,40.0
15.0,1.0,2.0,2.0,4,4,1,1500.0,0,0,1,1.0,1.0,150.0
20.0,0.0,4.0,0.0,2,2,0,780.0,0,0,1,0.0,2.0,40.0
26.0,0.0,5.0,1.0,3,3,2,1471.0,1,1,1,0.0,2.0,65.0
32.0,1.0,2.0,0.0,4,4,1,1000.0,0,0,1,3.0,1.0,80.0
6.0,1.0,3.0,2.0,6,6,2,10760.0,1,1,1,1.0,2.0,795.0
11.0,0.0,2.0,0.0,4,4,0,1872.0,0,0,1,3.0,1.0,55.0
4.0,0.0,6.0,1.0,3,3,3,1225.0,0,1,1,1.0,2.0,32.0
9.0,0.0,1.0,1.0,2,2,0,1710.2151098396237,0,0,1,3.0,1.0,200.0
23.0,1.0,3.0,0.0,8,8,3,2760.0,0,0,1,3.0,1.0,225.0
13.0,1.0,2.0,2.0,4,4,2,2300.0,0,0,1,3.0,1.0,150.0
4.0,1.0,3.0,2.0,2,4,1,1000.0,0,0,1,3.0,1.0,90.0
21.0,1.0,2.0,2.0,4,2,2,940.0,0,0,1,3.0,1.0,60.0
20.0,0.0,1.0,0.0,2,1,1,684.0,0,0,1,3.0,1.0,25.0
26.0,0.0,2.0,0.0,3,2,2,1500.0,0,0,1,0.0,2.0,33.0
0.0,0.0,2.0,0.0,2,2,1,570.0,0,0,1,1.0,1.0,30.0
33.0,1.0,2.0,1.0,4,3,2,968.0,1,0,1,1.0,1.0,80.0
35.0,1.0,2.0,0.0,4,4,2,1000.0,0,0,0,3.0,1.0,120.0
4.0,0.0,7.0,1.0,3,3,3,1177.7163142759227,0,0,1,3.0,2.0,57.0
3.0,1.0,2.0,1.0,2,2,1,750.0,0,0,1,0.0,1.0,28.0
22.0,1.0,2.0,0.0,3,4,1,1500.0,0,0,1,3.0,1.0,95.0
18.0,1.0,2.0,1.0,3,3,1,750.0,0,0,1,0.0,1.0,47.0
12.0,1.0,3.0,2.0,10,6,3,3120.0,0,0,0,3.0,1.0,85.0
17.0,1.0,2.0,0.0,4,3,2,1100.0,0,0,1,3.0,1.0,87.0
4.0,1.0,2.0,2.0,3,2,1,1420.0,0,0,1,3.0,2.0,75.0
14.0,0.0,5.0,0.0,2,2,1,844.2243678571961,0,0,0,0.0,0.0,33.0
19.0,1.0,2.0,1.0,2,2,1,900.0,0,0,0,1.0,1.0,25.0
11.0,0.0,1.0,0.0,1,1,0,466.42230268353376,0,0,1,0.0,1.0,26.0
18.0,0.0,4.0,0.0,3,2,3,960.0,0,0,0,0.0,2.0,51.5
26.0,1.0,3.0,1.0,4,4,2,2600.0,0,0,1,0.0,0.0,160.0
16.0,1.0,2.0,2.0,5,3,1,2580.0,0,0,1,3.0,1.0,207.0
19.0,1.0,2.0,0.0,4,3,0,1007.0,0,0,1,1.0,1.0,125.0
30.0,1.0,1.0,2.0,3,3,1,1650.0,0,0,1,1.0,1.0,100.0
18.0,0.0,4.0,1.0,3,2,0,1460.0,0,0,1,0.0,2.0,35.0
22.0,0.0,1.0,0.0,3,2,2,1740.0,0,0,1,1.0,2.0,45.0
35.0,1.0,2.0,2.0,2,2,2,1200.0,0,0,1,1.0,2.0,24.0
15.0,1.0,2.0,2.0,5,4,2,2700.0,0,0,1,1.0,1.0,130.0
2.0,1.0,2.0,2.0,10,5,3,2640.0,0,0,1,3.0,2.0,150.0
18.0,0.0,3.0,0.0,2,1,1,984.0,0,0,1,0.0,2.0,35.0
19.0,1.0,2.0,0.0,5,4,0,260.0,0,1,1,1.0,2.0,190.0
1.0,1.0,2.0,2.0,5,7,3,4000.0,0,0,1,3.0,1.0,600.0
18.0,0.0,4.0,0.0,3,3,2,1110.0,0,0,0,3.0,2.0,45.0
22.0,0.0,1.0,1.0,4,3,2,1511.0,0,0,0,0.0,2.0,75.0
18.0,1.0,2.0,1.0,4,4,2,1320.0,0,0,0,1.0,1.0,120.0
11.0,0.0,1.0,0.0,1,1,2,480.0,0,0,1,3.0,1.0,16.0
3.0,1.0,2.0,2.0,5,4,2,2200.0,0,0,1,3.0,2.0,80.0
9.0,0.0,6.0,0.0,3,2,2,1100.0,0,0,0,1.0,2.0,55.0
21.0,1.0,1.0,1.0,3,2,0,1250.0,0,0,1,0.0,1.0,64.06
35.0,1.0,3.0,0.0,3,6,0,1000.0,0,0,1,3.0,1.0,105.0
13.0,0.0,2.0,2.0,3,2,2,971.7131305906952,0,0,0,3.0,1.0,45.0
18.0,0.0,4.0,1.0,3,2,2,1134.960936529932,0,0,0,0.0,2.0,50.0
20.0,0.0,4.0,1.0,2,2,1,780.0,0,0,1,0.0,2.0,18.0
20.0,0.0,4.0,0.0,3,2,1,1158.0,0,0,0,0.0,2.0,30.0
24.0,0.0,2.0,1.0,3,2,0,1290.0,0,0,1,0.0,2.0,25.0
35.0,1.0,2.0,0.0,3,3,2,1170.0,0,0,1,3.0,1.0,115.0
34.0,1.0,1.0,1.0,5,3,1,1500.0,0,0,0,3.0,1.0,65.0
1.0,1.0,2.0,2.0,4,5,2,4000.0,0,0,1,3.0,1.0,550.0
19.0,1.0,2.0,2.0,3,2,1,800.0,0,0,1,3.0,1.0,210.0
0.0,0.0,3.0,1.0,2,2,1,600.0,0,0,1,3.0,1.0,22.0
10.0,0.0,3.0,1.0,2,2,1,660.7649288016728,0,0,1,3.0,1.0,32.5
6.0,0.0,4.0,2.0,3,2,2,1320.0,0,0,1,0.0,2.0,38.0
26.0,0.0,2.0,0.0,3,2,1,1250.0,0,0,1,0.0,2.0,31.0
22.0,0.0,3.0,1.0,2,2,2,725.0,0,0,1,1.0,2.0,22.0
3.0,1.0,1.0,2.0,4,4,0,1200.0,0,0,1,1.0,2.0,130.0
31.0,0.0,2.0,1.0,3,2,1,840.0,0,0,1,3.0,1.0,45.0
3.0,1.0,2.0,2.0,3,2,1,1332.0,0,0,1,1.0,2.0,150.0
6.0,1.0,2.0,0.0,4,4,2,1800.0,0,0,1,1.0,1.0,160.0
18.0,0.0,1.0,1.0,2,2,2,1298.0,0,0,1,3.0,2.0,40.0
26.0,0.0,2.0,1.0,3,3,2,1440.0,0,0,1,3.0,2.0,35.0
11.0,1.0,1.0,1.0,2,2,1,945.0,0,0,1,1.0,1.0,22.0
12.0,0.0,1.0,0.0,2,2,0,1349.0,0,0,1,3.0,1.0,42.0
17.0,1.0,1.0,2.0,3,3,1,1100.0,0,0,1,1.0,1.0,160.0
32.0,1.0,3.0,1.0,5,3,2,2400.0,0,0,1,3.0,1.0,290.0
31.0,0.0,3.0,2.0,2,2,2,900.0,0,0,0,3.0,1.0,27.0
22.0,0.0,4.0,0.0,2,2,1,972.0,0,0,1,1.0,2.0,40.0
13.0,0.0,4.0,2.0,4,3,3,2100.0,0,0,1,3.0,1.0,75.0
5.0,1.0,3.0,0.0,2,4,3,2000.0,0,0,0,3.0,1.0,82.0
1.0,1.0,1.0,2.0,4,2,1,2000.0,0,0,1,1.0,1.0,420.0
12.0,0.0,5.0,1.0,3,3,2,1372.0589403940617,1,0,0,3.0,1.0,185.0
12.0,0.0,1.0,0.0,3,2,2,1020.0,0,0,0,3.0,1.0,55.0
18.0,0.0,3.0,1.0,2,2,2,940.0,0,0,0,0.0,0.0,35.0
4.0,1.0,2.0,1.0,2,3,0,1000.0,0,0,1,1.0,1.0,26.0
0.0,1.0,2.0,0.0,4,3,2,2200.0,0,0,2,1.0,2.0,125.0
15.0,0.0,2.0,0.0,2,2,1,1200.0,0,0,1,3.0,2.0,35.0
35.0,1.0,3.0,2.0,4,4,3,4000.0,0,0,1,3.0,2.0,850.0
9.0,0.0,1.0,1.0,3,3,2,1800.0,0,0,1,3.0,2.0,75.0
6.0,1.0,1.0,2.0,3,3,2,2400.0,0,0,1,3.0,1.0,150.0
9.0,1.0,2.0,0.0,3,3,2,1130.0,0,0,0,1.0,2.0,125.0
18.0,0.0,2.0,1.0,3,2,3,1250.0,0,0,1,2.0,2.0,34.0
19.0,0.0,1.0,1.0,3,2,1,1150.0,0,0,1,1.0,1.0,35.0
18.0,0.0,4.0,0.0,3,2,2,1752.0,1,0,0,0.0,2.0,48.0
22.0,1.0,2.0,0.0,3,4,1,1500.0,0,0,1,3.0,1.0,85.0
12.0,0.0,1.0,2.0,3,2,0,1000.0,0,0,1,3.0,1.0,33.0
14.0,1.0,2.0,0.0,5,4,0,2800.0,0,0,1,0.0,1.0,60.0
20.0,0.0,4.0,2.0,2,2,2,632.0022201361883,0,0,1,0.0,2.0,18.5
22.0,0.0,1.0,2.0,2,2,1,840.0,0,0,1,3.0,1.0,22.5
34.0,0.0,2.0,0.0,3,2,1,1080.0,0,0,1,3.0,1.0,46.0
9.0,1.0,3.0,1.0,4,4,2,2500.0,0,0,2,1.0,1.0,130.0
14.0,1.0,2.0,1.0,3,3,2,1165.0,0,0,2,1.0,1.0,99.0
2.0,1.0,1.0,0.0,3,2,0,1417.0,0,0,1,3.0,1.0,110.0
15.0,1.0,2.0,2.0,3,3,3,3000.0,0,1,1,3.0,1.0,180.0
33.0,0.0,3.0,1.0,3,2,2,1095.0,0,0,1,1.0,1.0,40.0
30.0,1.0,2.0,2.0,4,4,1,2100.0,0,0,1,3.0,1.0,79.5
23.0,0.0,1.0,1.0,2,2,2,817.1999999999999,0,0,1,3.0,1.0,18.0
33.0,0.0,3.0,1.0,2,2,2,542.0,0,0,1,0.0,2.0,27.0
11.0,1.0,2.0,0.0,3,3,1,720.0,0,0,1,3.0,1.0,45.0
10.0,0.0,6.0,1.0,2,2,1,774.0,0,0,1,1.0,1.0,40.0
26.0,0.0,4.0,0.0,3,2,1,1680.0,0,0,1,3.0,2.0,35.0
27.0,1.0,2.0,1.0,2,3,1,600.0,0,0,1,2.0,1.0,35.0
33.0,0.0,2.0,0.0,3,2,3,1155.0,0,0,1,0.0,2.0,51.0
20.0,0.0,2.0,0.0,2,2,1,777.3705044725563,0,0,1,0.0,2.0,30.0
9.0,0.0,5.0,1.0,3,3,2,1821.0,0,0,0,0.0,2.0,80.0
10.0,1.0,1.0,1.0,3,2,1,900.0,0,0,1,3.0,1.0,22.9
3.0,0.0,2.0,0.0,2,2,1,799.0,0,0,1,0.0,2.0,27.0
17.0,1.0,3.0,2.0,3,6,3,1600.0,0,0,1,3.0,1.0,300.0
16.0,0.0,1.0,2.0,2,2,1,583.0278783544172,0,0,1,3.0,1.0,25.0
18.0,0.0,1.0,0.0,2,2,1,868.0,0,0,1,3.0,1.0,40.0
14.0,0.0,2.0,1.0,3,3,2,1150.0,0,0,1,0.0,0.0,33.0
18.0,0.0,5.0,1.0,3,3,3,1100.0,0,0,0,0.0,2.0,40.0
1.0,1.0,2.0,2.0,4,4,3,2412.0,1,0,1,3.0,1.0,350.0
30.0,1.0,2.0,0.0,2,2,0,1140.0,0,0,1,1.0,2.0,38.0
26.0,0.0,4.0,1.0,3,3,2,1442.7996563010645,0,0,0,2.0,2.0,67.0
12.0,0.0,2.0,2.0,2,1,1,420.0,0,0,1,3.0,1.0,25.0
10.0,1.0,2.0,0.0,3,3,1,1500.0,0,0,0,3.0,1.0,65.0
25.0,0.0,1.0,0.0,1,1,1,349.8167270126503,0,0,1,3.0,1.0,25.0
14.0,1.0,1.0,0.0,2,1,2,450.0,0,0,0,1.0,1.0,22.0
14.0,0.0,2.0,1.0,2,1,1,565.1999999999999,0,0,0,1.0,1.0,24.0
19.0,0.0,6.0,1.0,3,2,1,893.9760801434396,0,0,1,1.0,1.0,34.95
9.0,0.0,4.0,1.0,2,2,2,850.0,0,0,1,3.0,1.0,22.0
10.0,1.0,2.0,1.0,2,1,2,600.0,0,0,1,3.0,1.0,35.0
25.0,1.0,1.0,2.0,2,2,1,600.0,0,0,1,1.0,1.0,24.5
16.0,1.0,2.0,2.0,9,7,2,5200.0,0,0,1,3.0,1.0,285.0
26.0,1.0,2.0,1.0,4,3,1,1300.0,0,0,1,0.0,2.0,226.0
10.0,1.0,2.0,2.0,4,3,2,1800.0,0,0,1,3.0,1.0,200.0
9.0,0.0,6.0,1.0,3,3,2,1200.0,0,0,0,1.0,1.0,70.0
6.0,1.0,2.0,2.0,6,6,2,10760.0,1,1,2,0.0,2.0,750.0
15.0,0.0,1.0,1.0,2,2,1,583.0278783544172,0,0,1,3.0,1.0,19.0
32.0,1.0,2.0,1.0,3,2,1,1500.0,0,0,1,3.0,1.0,150.0
4.0,0.0,2.0,0.0,3,2,1,956.1657205012442,0,0,1,0.0,2.0,40.0
32.0,1.0,2.0,0.0,3,4,3,2200.0,1,0,1,3.0,1.0,350.0
26.0,1.0,2.0,1.0,4,4,2,1200.0,0,0,0,1.0,2.0,120.0
36.0,1.0,1.0,0.0,2,2,0,900.0,0,0,1,3.0,1.0,40.0
22.0,0.0,2.0,2.0,2,2,1,544.1593531307893,0,0,1,3.0,1.0,17.0
15.0,1.0,1.0,2.0,3,2,1,680.0,0,0,1,3.0,1.0,29.0
13.0,1.0,2.0,2.0,3,3,2,1500.0,0,0,1,3.0,1.0,38.0
18.0,0.0,3.0,0.0,1,1,1,310.9482017890225,0,0,1,0.0,2.0,18.0
4.0,0.0,4.0,0.0,3,2,1,1073.0,0,0,1,3.0,2.0,30.9
12.0,1.0,2.0,2.0,2,2,2,900.0,0,0,0,3.0,1.0,90.0
14.0,0.0,6.0,0.0,2,2,3,862.0,0,0,1,1.0,2.0,30.0
9.0,0.0,2.0,1.0,2,2,2,890.0,0,0,0,0.0,2.0,42.0
14.0,1.0,2.0,1.0,4,4,1,1032.0,0,0,0,1.0,2.0,100.0
35.0,1.0,2.0,2.0,7,6,2,2400.0,0,0,1,1.0,1.0,210.0
27.0,1.0,2.0,1.0,3,2,2,1000.0,0,0,1,3.0,1.0,59.0
14.0,0.0,6.0,1.0,3,2,2,1236.0191021113644,0,0,2,0.0,2.0,56.0
9.0,1.0,2.0,2.0,3,3,2,1200.0,0,0,0,1.0,1.0,135.0
27.0,0.0,2.0,0.0,2,2,0,839.5601448303607,0,0,1,1.0,2.0,25.0
13.0,1.0,4.0,1.0,7,7,3,12000.0,1,1,2,1.0,0.0,545.0
1.0,0.0,5.0,0.0,4,3,3,3133.2,0,0,2,3.0,1.0,200.0
17.0,1.0,1.0,2.0,3,1,0,480.0,0,0,1,3.0,1.0,10.0
33.0,0.0,4.0,1.0,3,2,2,1320.0,0,0,1,0.0,2.0,42.0
22.0,0.0,2.0,0.0,2,2,1,811.0,0,0,1,3.0,1.0,20.0
14.0,0.0,4.0,1.0,3,2,1,900.0,0,0,1,1.0,2.0,32.0
34.0,0.0,5.0,1.0,6,8,3,2689.701945475045,1,0,1,2.0,2.0,480.0
22.0,1.0,2.0,0.0,3,3,1,703.0,0,0,1,0.0,1.0,60.0
22.0,1.0,3.0,1.0,5,5,3,1320.0,0,0,2,0.0,2.0,180.0
3.0,1.0,2.0,1.0,3,3,2,800.0,0,0,0,1.0,1.0,56.0
3.0,0.0,3.0,0.0,2,2,1,840.0,0,0,1,3.0,1.0,30.0
9.0,0.0,4.0,1.0,3,3,2,1162.8,0,0,1,3.0,1.0,69.0
10.0,0.0,1.0,1.0,1,1,0,720.0,0,0,1,3.0,1.0,12.0
13.0,0.0,3.0,2.0,3,2,2,1300.0,0,0,0,3.0,1.0,36.0
12.0,0.0,1.0,2.0,2,1,1,700.0,0,0,1,3.0,1.0,65.0
1.0,0.0,3.0,1.0,3,2,1,946.0,0,0,1,1.0,1.0,27.25
22.0,0.0,2.0,1.0,3,3,1,1872.0,0,0,1,0.0,2.0,85.0
22.0,1.0,3.0,1.0,4,4,2,4100.0,0,1,2,0.0,2.0,230.0
15.0,1.0,1.0,2.0,3,2,0,1200.0,0,0,1,3.0,1.0,85.0
1.0,0.0,1.0,1.0,3,3,2,1080.0,0,0,1,1.0,1.0,52.0
20.0,0.0,4.0,1.0,2,1,2,660.0,0,0,1,1.0,2.0,16.5
22.0,1.0,2.0,0.0,3,2,1,800.0,0,0,0,3.0,1.0,50.0
10.0,0.0,1.0,0.0,2,2,2,840.0,0,0,1,3.0,1.0,20.0
3.0,1.0,2.0,1.0,4,2,2,1177.0,0,0,1,1.0,1.0,81.0
18.0,1.0,2.0,0.0,3,3,2,1000.0,0,0,0,1.0,1.0,90.0
20.0,1.0,1.0,1.0,3,2,2,1250.0,0,0,1,1.0,1.0,75.0
20.0,1.0,1.0,1.0,2,2,1,1200.0,0,0,1,1.0,1.0,80.0
20.0,0.0,2.0,1.0,2,2,2,900.0,0,0,1,0.0,2.0,36.0
34.0,1.0,3.0,2.0,10,5,2,2250.0,0,0,1,3.0,1.0,700.0
9.0,0.0,3.0,2.0,3,3,1,1088.0,0,0,1,1.0,1.0,54.9
15.0,0.0,3.0,0.0,2,2,1,960.0,0,0,1,3.0,1.0,18.0
12.0,0.0,2.0,0.0,2,2,1,780.0,0,0,1,3.0,1.0,30.0
3.0,0.0,5.0,0.0,2,2,1,879.5999999999999,0,0,0,0.0,2.0,25.0
15.0,1.0,2.0,0.0,3,2,1,1280.0,0,0,1,3.0,1.0,42.0
25.0,1.0,1.0,0.0,3,2,2,1400.0,0,0,1,1.0,1.0,25.0
7.0,1.0,2.0,0.0,2,1,2,700.0,0,0,1,3.0,1.0,66.0
17.0,1.0,1.0,2.0,3,3,2,2000.0,0,0,1,1.0,1.0,211.0
14.0,0.0,1.0,1.0,3,3,2,1620.0,0,0,1,0.0,2.0,39.0
19.0,1.0,2.0,1.0,3,2,1,450.0,0,0,0,3.0,1.0,25.0
26.0,1.0,2.0,1.0,3,2,2,512.0,0,0,1,3.0,1.0,45.0
26.0,0.0,1.0,1.0,3,2,3,1484.0,0,0,0,3.0,2.0,40.0
9.0,0.0,3.0,1.0,3,2,2,1030.0,0,0,1,3.0,2.0,62.0
22.0,1.0,2.0,1.0,4,3,2,1500.0,0,0,0,1.0,1.0,150.0
15.0,1.0,1.0,1.0,5,3,2,4000.0,0,0,1,1.0,1.0,270.0
26.0,0.0,3.0,1.0,3,3,2,1047.0,0,1,1,0.0,2.0,60.0
9.0,0.0,5.0,1.0,3,3,1,1232.0,0,0,0,0.0,2.0,70.0
6.0,1.0,2.0,0.0,4,3,2,1265.0,0,0,0,1.0,2.0,125.0
26.0,0.0,2.0,1.0,3,3,2,1096.0,0,0,1,0.0,2.0,63.0
11.0,0.0,1.0,1.0,1,1,2,509.0,0,0,1,3.0,1.0,25.0
20.0,1.0,2.0,1.0,3,3,1,1145.0,0,0,1,1.0,1.0,110.0
12.0,0.0,15.0,1.0,3,3,2,1617.7080198073895,1,0,1,2.0,2.0,250.0
26.0,1.0,1.0,2.0,2,2,0,1334.0,0,0,1,3.0,1.0,55.0
18.0,1.0,2.0,0.0,4,4,3,1500.0,0,0,1,1.0,2.0,160.0
12.0,0.0,1.0,0.0,2,1,1,1200.0,0,0,1,3.0,1.0,47.0
16.0,1.0,3.0,2.0,9,7,0,4700.0,0,0,1,3.0,1.0,180.0
14.0,1.0,1.0,1.0,2,2,0,710.0,0,0,1,0.0,1.0,26.6
22.0,0.0,7.0,1.0,2,2,2,831.7864397856351,0,0,0,3.0,2.0,35.0
23.0,0.0,2.0,0.0,2,2,2,563.5936157426032,0,0,1,3.0,1.0,22.5
11.0,1.0,2.0,0.0,3,2,1,2000.0,0,0,1,3.0,1.0,52.0
10.0,1.0,2.0,0.0,5,3,0,4500.0,0,0,1,3.0,1.0,130.0
22.0,0.0,7.0,0.0,2,2,2,1093.0,0,0,1,3.0,2.0,40.0
13.0,0.0,2.0,0.0,2,2,2,1200.0,0,0,1,3.0,2.0,45.0
10.0,1.0,2.0,0.0,3,3,1,1034.0,0,0,1,3.0,1.0,100.0
14.0,0.0,4.0,1.0,3,2,1,1590.0,0,0,1,0.0,2.0,45.0
15.0,0.0,5.0,0.0,3,2,2,1050.0,0,0,2,3.0,1.0,32.0
20.0,1.0,2.0,0.0,4,3,1,1150.0,0,0,1,0.0,1.0,85.0
10.0,1.0,2.0,2.0,9,7,1,3000.0,0,0,1,3.0,2.0,150.0
15.0,0.0,4.0,1.0,2,2,2,1892.4,1,0,0,1.0,2.0,42.0
4.0,0.0,7.0,1.0,2,1,1,430.0,0,0,1,0.0,2.0,25.0
12.0,0.0,8.0,0.0,2,2,1,1141.2,0,0,1,1.0,2.0,60.0
24.0,0.0,1.0,0.0,3,2,3,835.6732923079979,0,0,1,1.0,1.0,25.0
9.0,0.0,1.0,2.0,3,2,2,932.8446053670676,0,0,2,0.0,1.0,55.0
29.0,1.0,2.0,1.0,2,2,2,1050.0,0,0,1,3.0,1.0,35.0
27.0,0.0,1.0,0.0,2,2,1,888.0,0,0,1,3.0,1.0,16.0
35.0,0.0,1.0,0.0,3,3,2,1500.0,0,0,0,3.0,2.0,75.0
0.0,1.0,2.0,2.0,3,3,1,1200.0,0,0,1,1.0,1.0,85.0
25.0,0.0,1.0,1.0,2,2,1,950.0,0,0,1,3.0,1.0,15.0
4.0,1.0,1.0,1.0,2,1,1,650.0,0,0,1,3.0,1.0,24.0
6.0,1.0,2.0,0.0,3,2,2,1000.0,0,0,1,3.0,1.0,100.0
12.0,0.0,3.0,1.0,4,5,3,3300.0,1,0,2,2.0,2.0,450.0
23.0,1.0,2.0,1.0,3,3,1,1350.0,0,0,1,3.0,1.0,61.0
10.0,1.0,2.0,1.0,2,1,0,840.0,0,0,1,0.0,2.0,18.0
29.0,0.0,5.0,0.0,2,2,1,996.0,0,0,1,1.0,2.0,25.0
15.0,1.0,2.0,1.0,3,3,1,1600.0,0,0,1,1.0,1.0,70.0
17.0,1.0,2.0,2.0,5,3,1,2580.0,0,0,1,3.0,1.0,207.0
3.0,0.0,4.0,0.0,3,3,3,804.5784721290958,0,0,1,0.0,2.0,36.0
36.0,1.0,2.0,0.0,3,3,2,1440.0,0,0,2,1.0,2.0,115.0
18.0,1.0,1.0,1.0,2,2,2,1000.0,0,0,1,1.0,2.0,25.0
22.0,0.0,4.0,1.0,3,2,1,1240.8,0,0,1,0.0,2.0,55.0
3.0,1.0,2.0,0.0,3,2,1,1050.0,0,0,1,1.0,1.0,75.0
26.0,0.0,2.0,1.0,2,2,1,544.1593531307893,0,0,1,3.0,2.0,22.0
13.0,0.0,1.0,2.0,3,3,3,1625.0,0,0,1,3.0,1.0,41.0
9.0,0.0,4.0,1.0,3,3,2,971.7131305906952,0,0,2,3.0,1.0,72.0
3.0,1.0,1.0,0.0,4,2,2,1200.0,0,0,1,1.0,1.0,80.0
23.0,0.0,2.0,0.0,4,3,3,1560.0,0,0,1,3.0,2.0,62.0
19.0,1.0,2.0,0.0,3,2,1,1800.0,0,0,1,3.0,1.0,85.0
26.0,0.0,1.0,0.0,2,2,2,756.0,0,0,1,3.0,2.0,16.0
10.0,0.0,1.0,1.0,3,2,1,1200.0,0,0,0,3.0,1.0,35.0
1.0,0.0,1.0,2.0,2,2,1,600.0,0,0,1,3.0,1.0,15.0
18.0,0.0,6.0,0.0,2,2,2,1006.0,0,0,0,1.0,2.0,30.0
30.0,0.0,2.0,0.0,2,2,2,777.3705044725563,0,0,1,3.0,1.0,25.0
32.0,1.0,2.0,2.0,3,2,2,1000.0,0,0,1,3.0,1.0,85.0
35.0,1.0,2.0,2.0,5,5,3,4000.0,1,1,0,3.0,2.0,1100.0
10.0,1.0,2.0,0.0,5,5,3,4000.0,0,0,1,1.0,1.0,275.0
19.0,0.0,7.0,1.0,2,2,2,912.0,0,0,2,3.0,1.0,29.5
10.0,0.0,1.0,0.0,1,1,1,480.0,0,0,1,3.0,1.0,14.0
24.0,0.0,2.0,0.0,3,2,3,960.0,0,0,0,1.0,1.0,25.0
11.0,0.0,5.0,1.0,3,2,1,691.8597489805751,0,0,1,3.0,1.0,24.0
1.0,0.0,1.0,1.0,3,2,2,1200.0,0,0,1,3.0,1.0,65.0
22.0,0.0,7.0,1.0,2,2,1,831.7864397856351,0,0,1,3.0,2.0,35.0
12.0,0.0,5.0,2.0,2,2,2,1524.0,0,0,1,2.0,2.0,118.0
20.0,0.0,3.0,0.0,1,1,1,334.2693169231992,0,0,1,1.0,2.0,9.5
35.0,0.0,1.0,1.0,2,2,2,960.0,0,0,1,1.0,1.0,47.0
2.0,1.0,3.0,0.0,1,3,2,1500.0,1,0,0,3.0,1.0,61.0
22.0,0.0,2.0,1.0,2,2,2,708.1845295744987,0,0,0,1.0,2.0,19.5
6.0,0.0,4.0,1.0,3,3,2,1674.0,0,0,1,1.0,2.0,58.0
33.0,0.0,3.0,1.0,3,3,3,1308.0,0,0,1,1.0,2.0,55.0
33.0,0.0,6.0,0.0,3,2,3,1496.0,0,0,2,0.0,2.0,62.5
19.0,1.0,3.0,1.0,3,3,3,1324.0,1,0,0,3.0,1.0,46.0
6.0,1.0,2.0,1.0,3,3,1,2000.0,0,0,1,1.0,2.0,110.0
20.0,0.0,1.0,0.0,3,2,2,902.0,0,0,0,0.0,2.0,42.0
12.0,1.0,2.0,2.0,5,4,2,1500.0,0,0,2,3.0,1.0,225.0
20.0,1.0,2.0,0.0,3,3,2,1000.0,0,0,0,0.0,1.0,77.0
3.0,1.0,2.0,1.0,3,3,2,800.0,0,0,1,1.0,1.0,70.0
18.0,0.0,3.0,1.0,4,4,2,1671.346584615996,0,0,0,0.0,2.0,70.0
18.0,1.0,1.0,1.0,4,4,3,1000.0,0,0,1,1.0,1.0,120.0
9.0,1.0,1.0,1.0,3,3,2,1000.0,0,0,1,1.0,1.0,75.0
4.0,0.0,5.0,1.0,3,3,3,1197.1505768877366,0,0,1,1.0,2.0,60.0
22.0,0.0,1.0,2.0,2,2,1,1080.0,0,0,2,3.0,1.0,32.0
3.0,0.0,5.0,1.0,3,2,1,1100.0,0,0,1,3.0,2.0,35.0
6.0,1.0,2.0,2.0,3,4,1,1200.0,0,0,1,3.0,1.0,135.0
27.0,0.0,1.0,2.0,2,1,0,501.4039753847988,0,0,1,3.0,1.0,13.0
26.0,0.0,6.0,1.0,4,4,2,1686.0,1,0,0,2.0,2.0,105.0
26.0,1.0,1.0,1.0,1,1,0,1320.0,0,0,1,1.0,1.0,49.0
22.0,0.0,2.0,0.0,1,2,2,497.517122862436,0,0,1,3.0,1.0,11.0
18.0,0.0,4.0,1.0,3,2,1,1200.0,0,0,1,0.0,2.0,39.0
20.0,0.0,6.0,1.0,4,4,3,1974.0,0,0,1,0.0,2.0,58.0
10.0,1.0,1.0,2.0,6,5,3,4000.0,1,0,0,3.0,1.0,320.0
12.0,1.0,2.0,2.0,2,2,1,1800.0,0,0,1,3.0,1.0,220.00000000000003
1.0,1.0,1.0,2.0,6,4,3,3050.0,1,1,0,3.0,2.0,375.0
26.0,0.0,1.0,0.0,3,3,2,1066.0,0,0,1,3.0,2.0,35.0
10.0,0.0,1.0,2.0,2,1,2,900.0,0,0,1,3.0,1.0,8.0
26.0,0.0,6.0,1.0,2,2,1,864.0,0,0,1,1.0,2.0,23.0
13.0,1.0,2.0,1.0,3,3,2,1690.0,0,0,2,1.0,1.0,325.0
13.0,1.0,2.0,2.0,3,2,0,1500.0,0,0,1,3.0,1.0,35.0
22.0,1.0,2.0,1.0,3,3,0,1700.0,0,0,1,2.0,2.0,59.0
3.0,0.0,5.0,0.0,2,2,2,493.6302703400732,0,0,1,2.0,2.0,17.5
7.0,1.0,2.0,0.0,9,9,3,5000.0,1,0,1,3.0,1.0,200.0
9.0,1.0,2.0,1.0,4,4,1,2675.0,1,0,0,1.0,1.0,150.0
18.0,0.0,5.0,1.0,3,2,1,1127.1872314852064,0,0,1,3.0,2.0,43.0
13.0,0.0,3.0,2.0,2,1,1,633.0,0,0,1,3.0,1.0,14.0
34.0,1.0,2.0,2.0,5,5,2,3946.0,1,1,1,0.0,1.0,350.0
14.0,0.0,2.0,1.0,2,1,1,1140.0,0,0,1,3.0,1.0,35.0
20.0,0.0,2.0,1.0,3,2,3,994.2568752203996,0,0,1,1.0,2.0,37.0
10.0,1.0,2.0,2.0,2,2,1,750.0,0,0,1,3.0,2.0,36.0
20.0,0.0,6.0,1.0,4,4,3,1558.0,0,0,1,0.0,2.0,44.0
20.0,1.0,2.0,1.0,3,3,2,1250.0,1,0,0,0.0,2.0,92.0
28.0,1.0,2.0,0.0,5,2,2,2000.0,0,0,1,3.0,1.0,130.0
10.0,1.0,2.0,2.0,4,4,2,2500.0,0,0,1,3.0,1.0,80.0
18.0,0.0,4.0,1.0,3,2,1,1260.0,0,0,0,2.0,2.0,60.0
18.0,1.0,2.0,2.0,4,3,1,1224.0,0,0,1,1.0,2.0,110.0
25.0,1.0,2.0,1.0,3,2,1,560.0,0,0,1,3.0,1.0,22.5
10.0,1.0,1.0,1.0,2,1,0,624.0,0,0,1,3.0,1.0,22.0
22.0,0.0,4.0,1.0,3,3,3,1235.0,0,0,1,3.0,2.0,74.99
1.0,0.0,2.0,1.0,4,3,3,1509.0,0,0,1,0.0,2.0,65.0
4.0,1.0,2.0,2.0,3,3,0,2200.0,0,0,1,3.0,1.0,92.0
19.0,1.0,3.0,0.0,3,3,3,600.0,0,0,1,3.0,1.0,38.0
1.0,1.0,3.0,2.0,4,4,3,3000.0,1,1,1,1.0,1.0,750.0
36.0,0.0,5.0,2.0,4,3,3,878.4286700539885,0,0,1,1.0,2.0,55.0
34.0,1.0,3.0,2.0,9,6,0,3000.0,0,0,1,1.0,1.0,120.0
12.0,0.0,4.0,1.0,3,3,2,1372.0589403940617,1,0,0,0.0,2.0,200.0
12.0,0.0,8.0,2.0,4,4,3,2000.0,1,0,1,2.0,2.0,245.00000000000003
26.0,0.0,1.0,1.0,2,1,1,650.0,0,0,1,1.0,2.0,14.5
13.0,1.0,2.0,2.0,3,3,2,1800.0,0,0,2,3.0,1.0,85.0
21.0,0.0,6.0,1.0,2,2,1,741.0,0,0,1,3.0,2.0,25.0
10.0,0.0,1.0,2.0,2,2,1,900.0,0,0,0,3.0,1.0,25.0
1.0,1.0,2.0,2.0,4,4,3,4200.0,1,1,2,3.0,1.0,1700.0
18.0,1.0,2.0,0.0,2,4,1,700.0,0,0,1,1.0,2.0,60.0
3.0,1.0,2.0,1.0,4,5,3,2950.0,0,0,0,1.0,1.0,115.0
14.0,0.0,2.0,1.0,3,2,2,1400.0,0,0,2,1.0,2.0,70.0
31.0,1.0,2.0,2.0,4,4,1,888.0,0,0,1,3.0,1.0,65.0
10.0,0.0,2.0,1.0,2,3,2,960.0,0,0,0,3.0,1.0,46.0
14.0,0.0,6.0,1.0,4,3,2,3000.0,0,0,1,0.0,2.0,80.0
17.0,1.0,2.0,2.0,4,4,3,4000.0,1,0,1,1.0,1.0,375.0
32.0,1.0,1.0,2.0,4,2,0,1680.0,0,0,0,1.0,1.0,230.0
13.0,1.0,2.0,2.0,4,4,0,1900.0,0,0,1,3.0,1.0,65.0
20.0,1.0,2.0,1.0,4,4,2,2300.0,0,0,1,1.0,1.0,95.0
20.0,0.0,4.0,0.0,3,2,3,1218.0,0,0,1,0.0,2.0,30.0
4.0,1.0,2.0,1.0,2,2,1,700.0,0,0,1,1.0,1.0,45.0
10.0,1.0,2.0,2.0,4,3,1,1680.0,0,0,0,3.0,2.0,70.0
35.0,1.0,3.0,0.0,6,6,3,3200.0,0,1,0,1.0,2.0,155.0
23.0,1.0,3.0,2.0,6,3,2,2200.0,0,0,1,3.0,1.0,135.0
10.0,1.0,2.0,0.0,3,2,2,880.0,0,0,1,3.0,1.0,80.0
25.0,1.0,1.0,1.0,2,2,1,740.0,0,0,1,1.0,1.0,25.0
9.0,0.0,2.0,1.0,1,1,1,780.0,0,0,1,3.0,1.0,35.0
35.0,0.0,2.0,2.0,3,2,3,1030.0,0,0,0,1.0,2.0,42.0
18.0,1.0,2.0,0.0,4,3,2,1000.0,0,0,1,3.0,1.0,120.0
26.0,0.0,4.0,0.0,2,2,1,1092.0,0,0,0,1.0,2.0,21.5
17.0,1.0,2.0,2.0,6,6,1,1500.0,0,0,1,1.0,1.0,200.0
22.0,0.0,6.0,1.0,3,3,0,1680.0,0,0,1,1.0,2.0,55.0
4.0,1.0,1.0,2.0,5,3,1,2590.0,0,0,0,3.0,1.0,96.0
32.0,0.0,3.0,2.0,2,2,1,780.0,0,0,1,3.0,2.0,22.0
26.0,0.0,3.0,0.0,2,2,2,544.1593531307893,0,0,1,1.0,1.0,25.0
31.0,0.0,1.0,0.0,2,2,2,505.2908279071616,0,0,1,3.0,1.0,16.53
32.0,1.0,1.0,1.0,2,3,0,1200.0,0,0,1,3.0,1.0,86.0
18.0,0.0,4.0,0.0,3,2,0,738.5019792489285,0,0,1,1.0,2.0,44.0
35.0,1.0,2.0,2.0,6,7,3,2100.0,1,0,0,3.0,1.0,200.0
10.0,0.0,2.0,1.0,2,2,1,720.0,0,0,1,1.0,2.0,25.0
14.0,0.0,4.0,1.0,3,2,2,1150.0,0,0,0,3.0,2.0,57.0
26.0,0.0,6.0,0.0,4,3,2,1498.7703326230885,0,0,2,3.0,2.0,93.0
20.0,1.0,2.0,1.0,3,2,2,872.0,0,0,1,1.0,2.0,95.0
6.0,0.0,1.0,0.0,3,3,2,1061.1107386050392,0,0,1,1.0,1.0,60.0
3.0,1.0,2.0,1.0,3,3,2,990.0,0,0,1,3.0,1.0,70.0
7.0,0.0,2.0,2.0,2,2,1,780.0,0,0,1,3.0,2.0,25.0
34.0,0.0,1.0,0.0,3,2,2,1049.4501810379509,0,0,1,1.0,2.0,52.0
4.0,0.0,2.0,1.0,3,2,1,1500.0,0,0,1,1.0,2.0,30.0
20.0,1.0,2.0,0.0,3,2,1,600.0,0,0,1,1.0,2.0,40.0
9.0,0.0,3.0,1.0,3,3,3,1800.0,0,0,1,3.0,2.0,90.0
13.0,1.0,2.0,1.0,4,4,2,2200.0,1,1,2,0.0,2.0,250.0
14.0,0.0,2.0,0.0,2,1,1,540.0,0,0,1,3.0,1.0,10.5
25.0,1.0,2.0,2.0,3,3,1,2620.0,0,0,1,3.0,1.0,400.0
26.0,0.0,5.0,1.0,3,2,1,1440.0,0,0,1,0.0,2.0,55.0
18.0,1.0,1.0,1.0,3,2,0,900.0,0,0,1,3.0,2.0,50.0
22.0,1.0,2.0,0.0,5,4,0,1200.0,0,0,1,3.0,1.0,150.0
20.0,1.0,2.0,0.0,3,3,1,1000.0,0,0,1,1.0,2.0,80.0
34.0,0.0,3.0,2.0,3,2,1,914.4,0,0,0,3.0,1.0,51.0
22.0,0.0,1.0,2.0,2,2,1,780.0,0,0,0,3.0,2.0,35.0
20.0,0.0,1.0,0.0,3,2,1,932.8446053670676,0,0,0,0.0,2.0,33.0
9.0,1.0,3.0,1.0,5,5,2,4200.0,1,0,0,2.0,2.0,280.0
33.0,0.0,3.0,1.0,3,3,2,1482.0,0,0,1,1.0,2.0,27.0
12.0,1.0,2.0,0.0,3,4,0,1005.0,0,0,1,3.0,1.0,100.0
14.0,0.0,1.0,1.0,1,1,1,370.0,0,0,0,3.0,1.0,7.0
36.0,1.0,2.0,1.0,3,10,0,1000.0,0,0,1,1.0,2.0,90.0
14.0,0.0,3.0,1.0,3,2,1,1260.0,0,0,1,2.0,2.0,51.0
11.0,1.0,1.0,1.0,1,1,0,450.0,0,0,1,1.0,1.0,32.0
1.0,0.0,5.0,0.0,4,3,2,1864.0,1,0,1,1.0,2.0,60.0
1.0,1.0,2.0,2.0,6,5,2,3500.0,0,0,1,3.0,1.0,515.0
23.0,0.0,6.0,0.0,4,3,3,2400.0,0,0,1,3.0,1.0,65.0
6.0,1.0,2.0,2.0,4,4,2,1200.0,0,0,1,3.0,1.0,145.0
1.0,1.0,1.0,1.0,3,3,2,1000.0,0,0,1,1.0,1.0,127.0
32.0,1.0,2.0,2.0,4,4,1,1800.0,0,0,1,3.0,1.0,54.9
6.0,0.0,2.0,0.0,2,2,0,520.8382379966126,0,0,1,3.0,2.0,35.0
7.0,1.0,2.0,1.0,5,5,3,1400.0,1,0,1,3.0,1.0,135.0
16.0,0.0,3.0,2.0,2,2,2,621.896403578045,0,0,0,3.0,2.0,30.0
9.0,1.0,2.0,0.0,4,3,2,1415.0,1,1,2,1.0,2.0,175.0
17.0,0.0,2.0,2.0,2,2,1,660.0,0,0,0,3.0,1.0,25.0
6.0,1.0,2.0,1.0,3,3,2,1175.0,0,0,0,1.0,2.0,92.0
22.0,1.0,2.0,2.0,3,3,2,1200.0,0,0,1,3.0,2.0,55.0
22.0,0.0,1.0,1.0,3,2,3,1093.0,0,0,1,1.0,2.0,33.0
18.0,0.0,1.0,0.0,3,2,2,1818.0,0,0,0,2.0,2.0,48.0
9.0,0.0,5.0,0.0,3,3,2,1318.0,0,0,1,0.0,2.0,95.0
12.0,1.0,3.0,0.0,4,3,2,2080.0,0,0,1,1.0,1.0,225.0
18.0,1.0,2.0,2.0,3,3,2,1800.0,0,0,0,1.0,1.0,50.0
3.0,1.0,2.0,0.0,4,3,2,2400.0,0,0,0,1.0,1.0,125.0
15.0,0.0,3.0,1.0,3,2,1,1620.0,0,0,2,3.0,2.0,70.0
13.0,0.0,5.0,2.0,3,3,3,1025.0,0,0,1,1.0,1.0,25.0
9.0,0.0,2.0,0.0,2,2,1,900.0,0,0,2,3.0,1.0,38.0
26.0,1.0,3.0,1.0,2,5,3,600.0,0,0,1,1.0,1.0,55.0
32.0,0.0,3.0,2.0,2,2,2,604.8,0,0,1,3.0,1.0,16.5
22.0,0.0,5.0,1.0,3,3,3,1321.5298576033456,0,0,1,3.0,1.0,42.0
26.0,1.0,2.0,0.0,4,4,2,1800.0,0,0,1,0.0,1.0,75.0
15.0,0.0,5.0,1.0,1,1,0,600.0,0,0,1,3.0,2.0,10.0
10.0,0.0,1.0,0.0,2,2,1,425.22166594648826,0,0,1,3.0,1.0,22.5
13.0,1.0,1.0,2.0,3,2,0,1050.0,0,0,1,3.0,1.0,65.0
18.0,0.0,1.0,1.0,2,1,1,1140.0,0,0,1,3.0,1.0,100.0
22.0,0.0,2.0,2.0,2,2,1,654.0,0,0,1,3.0,2.0,21.0
33.0,0.0,1.0,0.0,3,2,2,1561.0,0,0,1,1.0,2.0,55.0
28.0,0.0,3.0,1.0,3,2,1,1450.0,0,0,1,0.0,1.0,55.0
1.0,0.0,1.0,2.0,2,2,1,780.0,0,0,1,3.0,1.0,35.0
25.0,1.0,3.0,2.0,6,5,2,3000.0,1,0,1,1.0,1.0,175.0
12.0,1.0,3.0,0.0,7,10,3,2400.0,1,0,1,1.0,1.0,325.0
12.0,0.0,9.0,0.0,3,4,3,2110.0,1,0,0,2.0,2.0,240.0
26.0,0.0,5.0,1.0,2,1,1,505.2908279071616,0,0,1,1.0,2.0,14.5
20.0,1.0,1.0,1.0,3,2,2,1250.0,0,0,1,1.0,1.0,95.0
15.0,0.0,4.0,1.0,3,3,2,1204.9242819324622,1,0,0,1.0,1.0,45.0
10.0,0.0,33.0,1.0,3,2,1,1243.79280715609,0,0,1,3.0,1.0,95.0
20.0,0.0,1.0,2.0,2,2,1,645.2175187122217,0,0,1,3.0,1.0,22.0
4.0,0.0,3.0,0.0,2,2,2,876.0,0,0,0,1.0,2.0,31.5
9.0,0.0,4.0,0.0,3,4,2,1492.551368587308,0,0,1,0.0,2.0,90.0
3.0,1.0,2.0,2.0,3,2,1,700.0,0,0,0,1.0,1.0,55.0
18.0,0.0,4.0,1.0,3,2,2,1243.2,0,0,0,0.0,2.0,55.0
4.0,1.0,1.0,1.0,2,1,1,720.0,1,0,1,0.0,1.0,25.0
10.0,1.0,2.0,2.0,3,3,2,900.0,0,0,1,3.0,2.0,29.11
10.0,1.0,2.0,0.0,3,3,2,1100.0,0,0,1,3.0,1.0,85.0
25.0,1.0,3.0,1.0,4,4,3,1452.0,0,0,1,1.0,1.0,175.0
12.0,1.0,2.0,0.0,4,3,3,2080.0,0,0,1,0.0,2.0,225.0
22.0,0.0,1.0,1.0,1,1,0,699.6334540253006,0,0,1,3.0,1.0,8.5
18.0,0.0,3.0,1.0,3,2,1,1103.86611635103,0,0,2,2.0,2.0,43.0
18.0,1.0,2.0,0.0,4,4,2,1250.0,0,0,1,0.0,2.0,90.0
8.0,1.0,1.0,0.0,2,2,1,1500.0,0,0,1,3.0,1.0,250.0
4.0,0.0,6.0,1.0,2,2,2,839.5601448303607,0,0,1,1.0,2.0,40.0
17.0,1.0,1.0,2.0,4,3,0,2400.0,0,0,1,3.0,1.0,250.0
1.0,1.0,2.0,0.0,4,3,2,1800.0,1,1,1,0.0,0.0,200.0
26.0,0.0,1.0,1.0,3,3,2,1095.0,0,0,1,0.0,2.0,63.0
14.0,0.0,1.0,1.0,4,3,1,1284.0,0,0,1,3.0,2.0,60.0
10.0,0.0,3.0,2.0,2,2,2,602.4,0,0,1,3.0,1.0,12.0
9.0,0.0,6.0,1.0,3,3,2,1209.0,0,0,0,1.0,2.0,55.0
34.0,0.0,1.0,0.0,3,2,2,1342.0,0,0,1,3.0,1.0,70.0
18.0,0.0,2.0,1.0,2,1,1,850.0,0,0,1,0.0,2.0,21.0
4.0,0.0,1.0,1.0,2,2,3,946.0,0,0,1,3.0,2.0,27.5
0.0,1.0,2.0,2.0,6,4,0,2000.0,0,0,1,3.0,1.0,120.0
0.0,0.0,1.0,3.0,2,2,1,3936.0,0,0,1,3.0,1.0,650.0
12.0,1.0,2.0,2.0,4,2,2,2400.0,0,1,0,3.0,2.0,120.0
9.0,1.0,2.0,1.0,3,5,1,1380.0,0,0,1,1.0,2.0,65.0
20.0,0.0,6.0,1.0,3,3,3,1006.0,0,0,1,1.0,2.0,26.0
0.0,1.0,2.0,2.0,3,3,1,2160.0,0,0,1,3.0,1.0,290.0
16.0,0.0,2.0,2.0,3,2,2,1320.0,0,0,1,3.0,1.0,29.0
10.0,1.0,2.0,2.0,2,2,1,800.0,0,0,1,3.0,1.0,65.0
10.0,1.0,2.0,2.0,3,2,1,1650.0,0,0,1,3.0,1.0,62.0
20.0,0.0,5.0,1.0,2,2,2,960.0,0,0,2,1.0,2.0,40.0
4.0,0.0,3.0,1.0,1,1,1,540.0,0,0,1,1.0,2.0,14.0
17.0,1.0,1.0,2.0,4,4,3,4000.0,0,0,1,1.0,1.0,400.0
9.0,1.0,3.0,0.0,4,2,2,1015.0,0,0,1,3.0,1.0,90.0
22.0,0.0,1.0,0.0,3,2,1,860.0,0,0,1,3.0,1.0,25.0
19.0,1.0,3.0,1.0,5,4,2,1380.0,0,0,1,0.0,1.0,85.0
20.0,0.0,2.0,0.0,3,2,1,1036.0,0,0,1,0.0,2.0,32.0
20.0,0.0,3.0,0.0,3,2,2,1069.0,0,0,1,1.0,2.0,36.9
9.0,1.0,2.0,1.0,2,2,1,1150.0,0,0,1,1.0,2.0,110.0
8.0,1.0,1.0,1.0,5,5,2,2500.0,0,0,1,1.0,1.0,250.0
30.0,1.0,2.0,1.0,4,4,1,1050.0,0,0,1,0.0,1.0,65.0
26.0,1.0,2.0,1.0,4,4,2,1800.0,1,0,1,1.0,1.0,100.0
32.0,1.0,2.0,1.0,4,4,1,1000.0,0,0,0,1.0,1.0,85.0
6.0,1.0,2.0,2.0,3,3,2,2500.0,0,0,0,3.0,2.0,95.0
27.0,1.0,1.0,3.0,2,2,1,600.0,1,0,1,2.0,1.0,18.0
20.0,0.0,6.0,1.0,3,3,1,2520.0,0,0,2,0.0,2.0,43.0
1.0,0.0,5.0,1.0,5,4,3,3000.0,0,0,1,1.0,2.0,75.0
18.0,0.0,5.0,1.0,2,1,1,969.0,0,0,1,0.0,2.0,25.0
10.0,1.0,2.0,0.0,3,2,1,450.0,0,0,1,3.0,1.0,10.4
22.0,0.0,1.0,0.0,2,2,2,880.8,0,0,1,2.0,2.0,45.0
4.0,1.0,2.0,0.0,2,3,1,800.0,0,0,1,3.0,2.0,92.0
4.0,1.0,2.0,1.0,5,4,2,3600.0,0,0,1,0.0,2.0,275.0
12.0,1.0,3.0,1.0,6,3,3,2000.0,0,0,1,3.0,1.0,30.0
16.0,1.0,1.0,2.0,4,3,2,2500.0,0,0,1,1.0,1.0,300.0
18.0,1.0,2.0,3.0,5,5,3,2400.0,0,0,1,3.0,1.0,300.0
9.0,1.0,2.0,0.0,4,4,2,2200.0,0,0,1,0.0,1.0,110.0
20.0,0.0,1.0,1.0,2,1,2,798.0,0,0,2,1.0,2.0,16.0
10.0,1.0,2.0,1.0,4,4,2,1500.0,0,0,1,3.0,1.0,60.0
5.0,1.0,2.0,0.0,3,3,2,1260.0,0,0,1,1.0,2.0,99.0
10.0,1.0,1.0,2.0,3,2,0,1000.0,0,0,1,3.0,1.0,80.0
34.0,0.0,2.0,2.0,5,4,2,1200.0,0,0,1,3.0,1.0,23.0
10.0,1.0,2.0,2.0,10,4,3,3960.0,0,0,1,2.0,1.0,1200.0
10.0,1.0,2.0,1.0,5,2,1,1600.0,0,0,1,3.0,1.0,125.0
33.0,0.0,1.0,1.0,3,2,2,1482.0,0,0,1,1.0,1.0,30.0
20.0,1.0,2.0,1.0,2,2,1,752.0,0,0,1,1.0,1.0,27.0
20.0,1.0,2.0,1.0,6,6,2,2290.0,0,1,1,1.0,2.0,196.0
18.0,0.0,5.0,1.0,3,3,3,1557.0,0,0,1,3.0,2.0,36.0
22.0,0.0,5.0,1.0,2,2,2,1177.2,0,0,1,1.0,2.0,19.0
9.0,0.0,2.0,0.0,3,3,1,1172.0,0,0,0,0.0,2.0,70.0
17.0,0.0,2.0,2.0,2,2,0,720.0,0,0,1,3.0,1.0,18.0
10.0,1.0,1.0,2.0,3,2,1,1065.0,0,0,1,3.0,1.0,55.0
9.0,1.0,2.0,0.0,4,7,0,1000.0,0,0,1,3.0,2.0,150.0
18.0,0.0,1.0,0.0,2,1,1,621.896403578045,0,0,1,3.0,2.0,30.0
17.0,1.0,2.0,2.0,4,4,1,1500.0,0,0,1,1.0,1.0,170.0
18.0,0.0,2.0,1.0,3,3,2,1500.0,1,1,1,0.0,0.0,45.0
22.0,0.0,4.0,0.0,2,2,0,505.2908279071616,0,0,1,3.0,2.0,12.0
22.0,0.0,1.0,0.0,2,2,1,583.0278783544172,0,0,1,3.0,1.0,35.0
9.0,1.0,2.0,1.0,4,3,3,3500.0,0,0,0,1.0,2.0,160.0
18.0,1.0,2.0,1.0,3,3,3,1811.0,0,0,0,1.0,2.0,140.0
9.0,0.0,1.0,1.0,1,1,1,660.0,0,0,0,1.0,2.0,19.0
32.0,1.0,2.0,2.0,8,4,2,2000.0,0,0,1,1.0,1.0,130.0
33.0,0.0,1.0,1.0,2,1,1,720.0,0,0,1,1.0,1.0,16.0
10.0,1.0,1.0,3.0,2,2,1,690.0,0,0,1,3.0,1.0,25.0
26.0,1.0,2.0,0.0,4,4,3,3500.0,0,0,0,1.0,2.0,125.0
29.0,1.0,5.0,1.0,4,3,0,4000.0,0,0,1,3.0,1.0,20.0
3.0,1.0,2.0,0.0,3,3,1,980.0,0,0,1,3.0,1.0,85.0
35.0,0.0,1.0,2.0,2,2,1,720.0,0,0,1,3.0,2.0,30.0
18.0,1.0,2.0,1.0,4,4,3,1130.0,0,0,2,2.0,2.0,145.0
36.0,1.0,2.0,0.0,2,4,1,1300.0,0,0,1,3.0,1.0,60.0
9.0,1.0,2.0,2.0,4,3,3,2800.0,0,0,0,1.0,2.0,180.0
13.0,0.0,2.0,2.0,3,2,3,932.8446053670676,0,0,0,3.0,1.0,70.0
6.0,0.0,2.0,0.0,2,2,1,900.0,0,0,1,3.0,1.0,25.0
10.0,1.0,1.0,1.0,1,1,1,805.0,0,0,1,1.0,1.0,30.0
32.0,0.0,1.0,2.0,2,2,0,840.0,0,0,1,3.0,1.0,30.0
28.0,1.0,1.0,1.0,1,1,1,600.0,0,0,1,3.0,1.0,18.0
1.0,0.0,1.0,0.0,2,2,2,1320.0,0,0,0,3.0,1.0,55.0
12.0,0.0,4.0,1.0,3,3,3,2118.0,1,0,0,0.0,2.0,200.0
18.0,0.0,6.0,1.0,2,2,2,694.9692309984653,0,0,1,1.0,2.0,39.0
35.0,1.0,2.0,0.0,4,3,2,1170.0,0,0,1,3.0,1.0,115.0
34.0,0.0,2.0,2.0,3,1,1,960.0,0,0,1,3.0,1.0,33.0
34.0,0.0,2.0,1.0,2,2,1,684.0,0,0,1,3.0,1.0,25.0
9.0,1.0,3.0,1.0,6,5,3,3500.0,1,0,1,1.0,1.0,180.0
6.0,1.0,2.0,2.0,4,4,3,3600.0,0,0,1,1.0,1.0,180.0
20.0,0.0,4.0,0.0,3,2,1,917.2971952776164,0,0,1,0.0,2.0,35.0
22.0,0.0,2.0,2.0,3,1,0,900.0,0,0,1,3.0,2.0,20.0
30.0,0.0,1.0,0.0,2,2,2,731.0,0,0,1,3.0,1.0,28.0
36.0,0.0,1.0,0.0,4,3,1,1399.2669080506012,0,0,1,1.0,2.0,72.0
34.0,0.0,3.0,1.0,3,2,0,855.1075549198118,0,0,1,3.0,1.0,46.0
9.0,0.0,5.0,1.0,2,2,2,750.0,0,0,0,1.0,2.0,30.0
17.0,1.0,2.0,2.0,3,3,1,2400.0,0,0,1,1.0,1.0,240.0
25.0,1.0,2.0,1.0,3,3,2,2880.0,0,0,1,1.0,2.0,100.0
6.0,1.0,1.0,2.0,3,2,0,2319.0,0,0,1,1.0,2.0,200.0
6.0,1.0,2.0,0.0,4,3,2,1100.0,0,0,0,0.0,1.0,125.0
10.0,1.0,2.0,2.0,3,3,2,945.0,0,0,1,1.0,1.0,68.0
24.0,0.0,2.0,1.0,3,2,3,1410.0,0,0,1,1.0,2.0,30.0
35.0,0.0,1.0,2.0,2,2,2,10200.0,0,0,1,1.0,2.0,30.0
26.0,0.0,1.0,1.0,4,4,2,1411.0,1,0,1,0.0,2.0,87.0
20.0,0.0,4.0,1.0,2,2,2,900.0,0,0,0,1.0,2.0,30.0
31.0,1.0,3.0,0.0,2,3,1,850.0,0,0,1,3.0,1.0,180.0
33.0,0.0,1.0,1.0,3,3,3,1511.0,0,0,1,1.0,2.0,58.0
4.0,1.0,2.0,1.0,2,2,2,1296.0,0,0,0,3.0,1.0,27.99
0.0,1.0,3.0,2.0,2,3,2,500.0,0,0,1,3.0,1.0,35.0
15.0,1.0,1.0,0.0,7,4,1,1500.0,0,0,1,1.0,1.0,150.0
15.0,1.0,2.0,1.0,5,4,2,3600.0,0,0,1,3.0,1.0,260.0
10.0,1.0,2.0,1.0,2,2,1,840.0,0,0,1,1.0,1.0,23.0
26.0,1.0,1.0,1.0,1,1,1,512.0,0,0,1,1.0,1.0,30.0
9.0,1.0,3.0,1.0,4,5,3,1200.0,0,0,1,1.0,1.0,145.0
31.0,1.0,3.0,2.0,3,3,3,1500.0,0,0,1,3.0,1.0,65.0
26.0,0.0,1.0,1.0,3,2,2,1502.0,0,0,1,3.0,2.0,42.0
18.0,1.0,2.0,1.0,4,3,2,1650.0,0,0,1,3.0,1.0,72.0
20.0,0.0,5.0,0.0,2,2,1,783.0,0,0,0,3.0,2.0,23.9
22.0,0.0,2.0,0.0,3,2,1,1424.4,0,0,0,3.0,1.0,50.0
20.0,0.0,2.0,0.0,2,2,1,1000.0,0,0,1,0.0,2.0,26.0
30.0,1.0,2.0,2.0,3,3,1,1400.0,0,0,0,1.0,2.0,56.9
12.0,0.0,4.0,2.0,2,2,2,942.0,0,0,1,0.0,1.0,50.0
6.0,0.0,3.0,0.0,3,2,1,1560.0,0,0,2,1.0,0.0,60.0
4.0,0.0,1.0,0.0,3,3,0,1189.376871843011,0,0,1,3.0,1.0,51.0
23.0,1.0,2.0,1.0,5,4,2,1400.0,0,0,1,1.0,1.0,115.0
13.0,1.0,2.0,0.0,6,5,3,1800.0,1,0,0,1.0,1.0,230.0
14.0,0.0,2.0,1.0,3,2,1,1500.0,0,0,2,0.0,2.0,55.0
0.0,0.0,3.0,2.0,2,2,1,600.0,0,0,1,3.0,1.0,30.0
22.0,0.0,1.0,0.0,2,2,3,831.0,0,0,1,1.0,2.0,22.99
20.0,0.0,3.0,0.0,3,3,3,1215.0,0,0,1,0.0,2.0,37.0
18.0,0.0,2.0,0.0,3,2,2,777.3705044725563,0,0,1,0.0,1.0,35.0
4.0,0.0,3.0,1.0,1,1,1,460.0,0,0,1,1.0,1.0,15.0
3.0,1.0,2.0,2.0,3,2,2,1300.0,0,0,1,1.0,1.0,80.0
18.0,0.0,4.0,1.0,3,3,3,1110.0,0,0,1,3.0,2.0,42.0
4.0,0.0,4.0,0.0,3,3,3,1252.0,0,0,1,0.0,2.0,44.0
26.0,0.0,6.0,1.0,3,4,2,1800.0,1,1,0,3.0,2.0,37.8
1.0,1.0,2.0,2.0,1,1,2,4000.0,1,1,1,1.0,2.0,900.0
10.0,0.0,3.0,0.0,2,2,2,720.0,0,0,1,3.0,1.0,40.0
9.0,0.0,6.0,0.0,4,4,3,4200.0,1,0,1,0.0,1.0,210.0
22.0,1.0,2.0,2.0,6,6,2,2400.0,1,0,1,3.0,2.0,196.0
26.0,0.0,3.0,0.0,2,2,2,780.0,0,0,1,1.0,2.0,25.0
19.0,1.0,1.0,0.0,3,3,2,2024.0,0,0,1,1.0,1.0,72.0
24.0,1.0,1.0,0.0,2,2,1,1000.0,0,0,1,1.0,2.0,55.0
4.0,1.0,1.0,2.0,1,1,0,990.0,0,0,1,3.0,2.0,45.0
20.0,0.0,1.0,0.0,2,2,2,960.0,0,0,0,3.0,2.0,30.0
20.0,0.0,1.0,1.0,2,2,2,900.0,0,0,0,3.0,1.0,22.0
16.0,0.0,1.0,2.0,2,2,2,597.6,0,0,1,3.0,1.0,18.0
33.0,0.0,1.0,1.0,3,3,3,1360.3983828269734,0,0,1,0.0,2.0,60.0
1.0,1.0,1.0,2.0,3,2,2,900.0,0,0,0,3.0,1.0,125.0
8.0,1.0,1.0,2.0,3,2,1,1200.0,0,0,1,1.0,1.0,35.0
3.0,1.0,2.0,1.0,3,3,2,900.0,0,0,1,1.0,1.0,68.0
1.0,1.0,2.0,2.0,5,4,3,2400.0,0,0,1,3.0,1.0,600.0
20.0,1.0,2.0,0.0,4,3,3,1850.0,0,0,1,1.0,2.0,130.0
15.0,0.0,1.0,1.0,1,1,1,422.4,0,0,1,3.0,1.0,9.5
16.0,0.0,1.0,0.0,3,3,1,1080.0,0,0,1,3.0,1.0,30.0
11.0,1.0,1.0,1.0,4,3,1,1845.0,0,0,1,1.0,1.0,143.0
25.0,1.0,1.0,1.0,4,2,0,930.0,0,0,1,3.0,1.0,20.0
17.0,1.0,2.0,2.0,5,4,3,2400.0,0,0,1,1.0,1.0,210.0
7.0,1.0,3.0,2.0,3,3,1,3000.0,0,0,1,3.0,1.0,456.0
18.0,0.0,6.0,1.0,3,2,3,927.0,0,0,0,3.0,2.0,48.0
4.0,0.0,1.0,0.0,2,2,1,840.0,0,0,0,0.0,2.0,38.0
34.0,1.0,2.0,0.0,3,2,1,1700.0,0,0,1,3.0,1.0,75.0
7.0,1.0,2.0,0.0,4,4,2,1000.0,0,0,1,3.0,1.0,135.0
26.0,1.0,3.0,1.0,4,5,3,2600.0,0,0,1,1.0,2.0,80.0
22.0,1.0,2.0,1.0,2,4,2,1800.0,0,0,1,3.0,2.0,42.0
4.0,1.0,3.0,2.0,4,3,2,2200.0,1,0,0,3.0,2.0,145.0
12.0,0.0,13.0,1.0,3,4,3,1556.0,1,0,1,0.0,2.0,240.0
22.0,1.0,3.0,1.0,2,4,2,945.0,1,0,1,0.0,1.0,89.0
30.0,1.0,2.0,2.0,3,2,0,1000.0,0,0,1,1.0,2.0,120.0
26.0,0.0,1.0,1.0,3,3,2,932.8446053670676,0,0,1,3.0,2.0,27.0
17.0,1.0,2.0,1.0,3,3,2,1020.0,0,0,0,0.0,1.0,105.0
3.0,1.0,2.0,2.0,4,4,3,1000.0,0,0,1,1.0,2.0,65.0
10.0,0.0,4.0,0.0,3,2,1,979.4868356354208,0,0,1,0.0,2.0,32.0
18.0,0.0,5.0,1.0,3,3,2,1224.358544544276,0,0,0,2.0,2.0,65.0
4.0,0.0,6.0,1.0,2,2,2,1027.0,0,0,1,1.0,1.0,38.0
4.0,0.0,5.0,1.0,2,1,1,641.0,0,0,1,3.0,2.0,23.0
10.0,1.0,1.0,1.0,2,2,0,861.0,0,0,1,3.0,1.0,28.0
10.0,1.0,3.0,1.0,6,4,2,1200.0,0,0,1,3.0,1.0,70.0
10.0,1.0,2.0,1.0,8,6,3,5000.0,1,0,1,1.0,1.0,220.00000000000003
22.0,0.0,3.0,0.0,3,2,2,1458.0,0,0,1,1.0,2.0,50.0
22.0,1.0,1.0,2.0,2,1,0,650.0,0,0,1,3.0,2.0,56.5
9.0,1.0,2.0,0.0,3,3,1,1350.0,0,0,0,1.0,1.0,95.0
32.0,1.0,2.0,2.0,4,3,2,2200.0,1,0,1,1.0,1.0,152.0
1.0,1.0,2.0,2.0,4,4,1,1150.0,1,1,1,0.0,2.0,135.0
4.0,0.0,10.0,0.0,2,3,2,1300.0,0,0,2,3.0,2.0,44.9
12.0,1.0,2.0,0.0,4,4,1,1500.0,0,0,1,1.0,2.0,200.0
23.0,0.0,5.0,1.0,3,2,2,1167.0,0,0,1,3.0,1.0,50.0
18.0,0.0,2.0,0.0,3,2,2,1401.0,0,0,0,0.0,2.0,48.0
20.0,0.0,4.0,0.0,1,1,0,600.0,0,0,1,1.0,1.0,11.5
26.0,1.0,2.0,0.0,4,4,2,1650.0,0,0,1,1.0,1.0,70.0
31.0,1.0,1.0,2.0,7,7,0,2800.0,0,0,1,3.0,1.0,300.0
9.0,0.0,3.0,0.0,3,3,2,913.4103427552536,0,1,1,3.0,2.0,40.0
26.0,0.0,4.0,1.0,2,2,2,1020.0,0,0,1,3.0,1.0,28.0
12.0,0.0,1.0,2.0,3,2,2,850.0,0,0,1,3.0,2.0,40.0
18.0,0.0,2.0,0.0,2,2,1,777.3705044725563,0,0,1,3.0,1.0,23.0
33.0,0.0,5.0,1.0,3,2,2,1150.0,0,0,1,3.0,1.0,35.0
9.0,0.0,6.0,1.0,3,3,2,2160.0,0,0,1,0.0,2.0,72.0
20.0,0.0,6.0,0.0,3,2,3,1485.0,0,0,0,0.0,2.0,45.0
18.0,0.0,2.0,1.0,4,4,3,1320.0,0,0,0,2.0,2.0,125.0
15.0,1.0,1.0,1.0,1,1,1,600.0,0,0,1,3.0,1.0,33.0
20.0,0.0,5.0,0.0,2,1,1,531.7214250592284,0,0,1,0.0,2.0,20.0
22.0,0.0,2.0,2.0,1,1,1,272.07967656539466,0,0,1,3.0,1.0,9.0
32.0,1.0,1.0,2.0,4,2,2,3000.0,0,0,1,1.0,1.0,325.0
28.0,0.0,2.0,1.0,2,2,1,1287.0,0,0,0,0.0,1.0,50.0
11.0,1.0,2.0,1.0,2,2,1,1170.0,0,0,1,3.0,1.0,62.0
26.0,0.0,4.0,0.0,2,2,1,932.8446053670676,0,0,1,3.0,1.0,22.0
10.0,0.0,1.0,0.0,2,2,3,489.7434178177105,0,0,1,3.0,1.0,23.0
6.0,0.0,2.0,0.0,3,2,2,1000.0,0,0,2,3.0,1.0,45.0
19.0,1.0,1.0,1.0,3,1,0,1500.0,0,0,1,1.0,1.0,23.0
22.0,0.0,1.0,1.0,2,2,0,800.0,0,0,1,3.0,1.0,25.0
33.0,0.0,1.0,1.0,3,2,2,1500.0,0,0,1,0.0,2.0,90.0
26.0,1.0,1.0,1.0,1,1,0,512.0,0,0,1,1.0,2.0,26.0
34.0,1.0,2.0,2.0,5,4,1,1750.0,0,0,1,3.0,1.0,130.0
33.0,0.0,1.0,1.0,1,1,0,720.0,0,0,1,1.0,1.0,8.5
16.0,1.0,3.0,2.0,10,6,3,3000.0,0,1,1,3.0,1.0,160.0
7.0,0.0,3.0,0.0,3,2,1,1260.0,0,0,2,3.0,1.0,45.0
2.0,1.0,1.0,2.0,3,3,0,1750.0,0,0,0,3.0,2.0,120.0
26.0,0.0,6.0,1.0,2,2,2,801.0,0,0,2,0.0,2.0,23.9
10.0,1.0,3.0,0.0,6,5,2,2700.0,0,0,1,3.0,1.0,80.0
33.0,0.0,5.0,2.0,2,2,1,616.0,0,0,1,3.0,1.0,20.0
22.0,0.0,2.0,0.0,3,3,3,1755.0,0,0,1,1.0,2.0,95.0
19.0,1.0,2.0,2.0,3,2,1,693.0,0,0,1,3.0,1.0,55.0
3.0,1.0,2.0,1.0,3,3,1,1000.0,0,0,1,3.0,1.0,20.0
16.0,0.0,1.0,0.0,2,2,2,660.0,0,0,1,3.0,1.0,30.0
1.0,0.0,3.0,2.0,2,2,2,960.0,0,0,1,3.0,1.0,35.0
32.0,1.0,2.0,0.0,4,3,1,850.0,0,0,1,1.0,1.0,95.0
22.0,1.0,1.0,2.0,3,2,2,1140.0,0,0,1,3.0,1.0,75.0
33.0,0.0,3.0,1.0,3,2,2,1200.0,0,0,0,0.0,1.0,40.0
6.0,1.0,1.0,2.0,2,2,1,1250.0,0,0,2,1.0,2.0,100.0
11.0,1.0,1.0,1.0,4,3,1,1845.0,0,0,1,1.0,1.0,80.0
26.0,0.0,1.0,2.0,2,2,1,583.0278783544172,0,0,1,3.0,1.0,19.0
20.0,0.0,2.0,1.0,3,2,2,1333.0,0,0,1,0.0,2.0,40.0
9.0,0.0,4.0,1.0,3,2,3,886.2023750987141,0,0,1,0.0,2.0,65.0
4.0,1.0,3.0,2.0,5,5,3,4500.0,1,0,2,1.0,2.0,325.0
6.0,1.0,2.0,1.0,2,4,3,970.0,1,0,1,3.0,1.0,125.0
9.0,0.0,5.0,3.0,3,3,1,1200.0,0,0,1,0.0,2.0,31.0
12.0,1.0,1.0,2.0,4,4,3,2400.0,1,0,1,3.0,1.0,300.0
18.0,0.0,2.0,0.0,2,2,1,880.7607815674062,0,0,1,0.0,2.0,35.0
32.0,1.0,2.0,0.0,4,3,1,1500.0,0,0,1,3.0,1.0,155.0
7.0,0.0,1.0,1.0,3,3,1,1800.0,0,0,1,1.0,1.0,55.0
36.0,0.0,5.0,0.0,3,2,2,1178.0,0,0,0,1.0,2.0,52.0
2.0,0.0,3.0,2.0,2,2,1,672.0,0,0,1,3.0,1.0,32.0
13.0,1.0,2.0,2.0,3,3,1,1750.0,0,1,0,0.0,1.0,150.0
9.0,1.0,2.0,2.0,4,4,1,1150.0,1,1,1,3.0,2.0,135.0
13.0,1.0,2.0,1.0,4,2,1,1320.0,0,0,0,1.0,2.0,200.0
26.0,0.0,5.0,1.0,2,2,1,826.0,0,0,1,0.0,2.0,38.0
17.0,1.0,1.0,2.0,3,2,2,2200.0,1,0,1,1.0,1.0,375.0
17.0,1.0,2.0,2.0,5,4,1,1050.0,0,0,1,3.0,1.0,110.0
10.0,1.0,2.0,2.0,3,4,1,1500.0,0,0,1,3.0,1.0,82.0
22.0,1.0,2.0,0.0,3,3,1,1100.0,0,0,1,3.0,1.0,33.0
23.0,0.0,2.0,0.0,3,2,2,1440.0,0,0,1,3.0,1.0,38.0
18.0,1.0,2.0,1.0,5,4,3,4250.0,1,0,0,1.0,2.0,138.0
3.0,1.0,2.0,0.0,3,3,1,1150.0,0,0,1,1.0,1.0,45.0
3.0,1.0,2.0,1.0,2,2,1,560.0,0,0,1,1.0,1.0,40.0
26.0,0.0,4.0,1.0,3,3,2,1054.0,0,0,1,0.0,2.0,60.0
10.0,1.0,2.0,2.0,3,3,1,1500.0,0,0,1,3.0,1.0,365.0
4.0,1.0,2.0,2.0,4,3,2,2640.0,0,0,1,1.0,1.0,98.0
22.0,1.0,2.0,0.0,4,4,2,1500.0,0,0,1,1.0,1.0,125.0
25.0,1.0,2.0,1.0,2,2,1,1382.0,0,0,1,3.0,1.0,35.0
2.0,1.0,3.0,2.0,2,4,3,950.0,0,0,1,3.0,1.0,100.0
19.0,1.0,2.0,1.0,3,2,1,1400.0,0,0,1,3.0,1.0,52.0
30.0,1.0,3.0,1.0,4,3,3,1050.0,0,0,1,0.0,1.0,75.0
26.0,1.0,2.0,1.0,3,3,1,1100.0,0,0,1,1.0,2.0,85.0
22.0,1.0,3.0,1.0,4,5,2,2000.0,0,0,1,3.0,1.0,48.0
10.0,0.0,1.0,1.0,3,3,2,960.0,0,0,1,3.0,1.0,40.0
10.0,1.0,1.0,2.0,2,1,1,900.0,0,0,1,3.0,1.0,150.0
22.0,1.0,2.0,0.0,3,2,2,1138.0,0,0,1,3.0,1.0,47.0
20.0,0.0,5.0,0.0,3,2,1,1200.0,0,0,1,1.0,2.0,35.0
32.0,0.0,2.0,2.0,3,2,1,660.0,0,0,1,3.0,1.0,21.0
7.0,1.0,2.0,1.0,4,4,2,2850.0,0,0,0,0.0,2.0,295.0
20.0,0.0,2.0,0.0,2,2,2,900.0,0,0,1,3.0,2.0,35.0
11.0,1.0,2.0,0.0,3,3,0,1100.0,0,0,1,3.0,1.0,75.0
22.0,0.0,4.0,0.0,4,2,1,1740.0,0,0,0,1.0,0.0,65.0
22.0,0.0,2.0,2.0,3,2,1,1200.0,0,0,2,3.0,1.0,27.0
18.0,1.0,2.0,2.0,3,3,3,3500.0,0,0,1,1.0,1.0,169.0
22.0,1.0,2.0,0.0,3,3,3,800.0,0,0,1,2.0,2.0,63.0
3.0,1.0,3.0,1.0,4,5,2,2000.0,0,0,1,0.0,2.0,80.0
9.0,0.0,9.0,1.0,3,3,3,1469.2302534531314,0,0,1,0.0,2.0,175.0
10.0,1.0,3.0,1.0,2,4,2,900.0,0,0,2,3.0,1.0,125.0
27.0,1.0,2.0,1.0,5,4,2,1150.0,0,0,1,0.0,1.0,85.0
22.0,0.0,2.0,1.0,3,3,3,1217.0,0,0,0,3.0,2.0,62.0
19.0,1.0,2.0,0.0,3,3,2,1008.0,0,0,0,1.0,1.0,75.0
26.0,0.0,4.0,1.0,2,2,2,932.8446053670676,0,0,1,0.0,2.0,35.0
23.0,0.0,5.0,0.0,3,3,2,1150.5083466193832,0,0,1,0.0,2.0,75.0
4.0,1.0,2.0,0.0,3,3,1,720.0,0,0,1,3.0,2.0,60.0
33.0,0.0,5.0,0.0,3,2,3,1620.0,0,0,0,0.0,2.0,45.0
25.0,1.0,3.0,1.0,1,4,2,525.0,0,0,1,3.0,1.0,40.0
9.0,0.0,4.0,2.0,3,2,1,1066.0,0,0,1,1.0,2.0,44.0
26.0,0.0,5.0,0.0,2,2,1,768.0,0,0,1,1.0,2.0,16.0
22.0,0.0,6.0,0.0,3,2,2,1590.0,0,1,0,1.0,2.0,45.0
26.0,0.0,5.0,1.0,3,2,1,970.0,0,0,1,0.0,2.0,55.0
31.0,0.0,1.0,0.0,1,1,1,466.42230268353376,0,0,1,3.0,1.0,60.0
32.0,1.0,2.0,0.0,3,2,2,1400.0,0,0,1,1.0,2.0,110.0
10.0,1.0,1.0,1.0,2,1,0,600.0,0,0,1,3.0,1.0,15.0
34.0,0.0,2.0,1.0,2,2,1,584.0,1,0,1,1.0,1.0,25.0
21.0,1.0,1.5,1.0,2,2,0,600.0,0,0,1,3.0,1.0,35.0
20.0,0.0,3.0,1.0,3,2,2,902.0,0,0,1,0.0,2.0,32.0
17.0,1.0,2.0,2.0,4,4,3,2400.0,1,0,1,1.0,1.0,255.0
17.0,0.0,1.0,1.0,2,1,1,1440.0,0,0,1,3.0,1.0,40.0
20.0,1.0,2.0,0.0,2,2,1,1000.0,0,0,1,1.0,2.0,85.0
1.0,1.0,1.0,2.0,2,2,0,1500.0,0,0,1,1.0,1.0,325.0
2.0,1.0,2.0,1.0,4,3,0,945.0,0,0,1,3.0,1.0,65.0
18.0,1.0,2.0,1.0,3,2,2,1050.0,0,0,1,1.0,1.0,45.0
5.0,1.0,2.0,0.0,5,3,1,2000.0,0,0,1,1.0,2.0,200.0
24.0,1.0,2.0,0.0,4,3,1,1250.0,0,0,1,1.0,1.0,62.0
22.0,0.0,3.0,1.0,4,4,2,2358.0,1,0,0,1.0,2.0,95.0
13.0,0.0,3.0,2.0,4,2,2,2040.0,0,0,1,3.0,1.0,38.0
10.0,0.0,4.0,2.0,2,2,0,720.0,0,0,1,3.0,1.0,12.0
18.0,0.0,4.0,1.0,2,2,2,960.0,0,0,1,0.0,2.0,32.0
22.0,1.0,2.0,1.0,3,3,1,800.0,0,0,0,0.0,1.0,55.0
18.0,1.0,3.0,2.0,4,4,1,2070.0,0,0,0,1.0,1.0,135.0
26.0,1.0,2.0,0.0,5,5,3,3200.0,0,0,0,1.0,2.0,169.0
3.0,1.0,1.0,1.0,3,3,1,1420.0,0,0,1,0.0,2.0,75.0
28.0,1.0,2.0,0.0,4,5,1,1000.0,0,0,1,3.0,1.0,50.0
20.0,0.0,5.0,1.0,2,1,1,531.7214250592284,0,0,1,3.0,1.0,17.0
23.0,1.0,2.0,0.0,4,3,1,1500.0,0,0,1,0.0,1.0,220.00000000000003
18.0,0.0,4.0,1.0,3,2,1,1212.0,0,0,1,1.0,2.0,50.0
18.0,1.0,2.0,1.0,4,4,3,2600.0,0,0,0,2.0,2.0,120.0
21.0,1.0,1.0,0.0,2,1,0,800.0,0,0,1,1.0,1.0,40.0
2.0,0.0,2.0,1.0,2,2,2,525.0,0,0,1,3.0,1.0,17.0
6.0,0.0,5.0,1.0,3,2,2,1200.0,0,0,1,0.0,1.0,38.0
3.0,1.0,2.0,1.0,4,4,3,8000.0,1,0,1,0.0,1.0,260.0
4.0,1.0,2.0,1.0,3,2,1,550.0,0,0,1,1.0,1.0,50.0
12.0,0.0,1.0,2.0,1,1,1,430.0,0,0,1,3.0,1.0,15.0
22.0,1.0,2.0,0.0,3,3,3,800.0,0,0,0,0.0,2.0,63.0
10.0,1.0,1.0,0.0,3,2,1,1500.0,0,0,1,3.0,1.0,40.0
30.0,0.0,2.0,0.0,2,2,2,840.0,0,0,1,3.0,1.0,25.0
26.0,1.0,2.0,0.0,4,3,2,2800.0,0,1,0,1.0,2.0,125.0
13.0,1.0,2.0,2.0,3,3,0,1130.0,0,0,1,3.0,1.0,49.0
22.0,1.0,2.0,0.0,2,3,2,1200.0,0,0,1,3.0,1.0,45.0
30.0,0.0,2.0,2.0,2,1,0,768.0,0,0,1,3.0,1.0,50.0
30.0,0.0,3.0,0.0,2,2,2,530.9440545547559,0,0,1,3.0,1.0,20.0
18.0,0.0,9.0,1.0,3,3,3,1324.0,0,0,0,2.0,2.0,110.0
26.0,0.0,6.0,1.0,3,2,3,968.603648572805,0,0,0,1.0,2.0,95.0
23.0,1.0,2.0,2.0,2,4,1,750.0,0,0,1,0.0,2.0,67.0
6.0,1.0,2.0,0.0,4,4,2,1100.0,0,0,1,0.0,1.0,100.0
10.0,0.0,1.0,0.0,3,2,1,854.4,0,0,1,3.0,1.0,35.0
26.0,1.0,2.0,1.0,4,3,2,2500.0,0,1,1,3.0,2.0,135.0
10.0,0.0,2.0,1.0,2,1,2,782.4,0,0,0,0.0,2.0,25.0
15.0,1.0,2.0,2.0,2,3,1,520.0,0,0,1,3.0,1.0,42.0
20.0,0.0,5.0,0.0,3,2,1,1065.0,0,0,0,0.0,2.0,35.0
15.0,1.0,2.0,1.0,5,5,3,2100.0,1,1,1,0.0,1.0,300.0
19.0,0.0,3.0,1.0,2,2,2,858.0,0,0,1,1.0,1.0,32.0
3.0,1.0,2.0,1.0,3,3,2,1250.0,0,0,1,0.0,1.0,70.0
18.0,0.0,2.0,1.0,3,3,3,1110.0,0,0,1,1.0,2.0,45.0
26.0,0.0,5.0,0.0,2,2,1,898.0,0,0,1,1.0,2.0,26.0
18.0,0.0,2.0,0.0,2,2,3,895.0,0,0,1,0.0,2.0,26.0
9.0,0.0,2.0,1.0,3,3,3,1190.0,0,0,0,0.0,2.0,50.0
12.0,0.0,1.0,2.0,3,2,2,936.0,0,0,1,3.0,1.0,45.0
9.0,0.0,5.0,1.0,1,1,1,540.0,0,0,0,1.0,0.0,16.0
22.0,1.0,2.0,1.0,4,4,2,2400.0,1,0,1,1.0,1.0,130.0
26.0,0.0,5.0,1.0,3,3,2,1442.7996563010645,0,0,0,2.0,2.0,65.0
26.0,0.0,4.0,1.0,3,3,2,2220.0,0,0,1,3.0,2.0,40.0
9.0,0.0,9.0,0.0,2,2,1,718.290346132642,0,0,1,3.0,1.0,25.0
16.0,1.0,2.0,2.0,7,5,3,6500.0,1,0,2,3.0,2.0,129.0
3.0,1.0,2.0,0.0,3,3,2,800.0,0,0,1,1.0,1.0,58.0
15.0,0.0,1.0,0.0,3,2,1,1260.0,0,0,0,3.0,1.0,35.0
31.0,0.0,1.0,0.0,2,2,1,750.0,0,0,1,3.0,1.0,25.0
9.0,1.0,2.0,1.0,4,3,3,4000.0,0,0,0,2.0,1.0,165.0
20.0,0.0,6.0,1.0,2,2,3,948.0,0,0,1,1.0,1.0,28.0
15.0,0.0,4.0,1.0,3,3,2,1363.0,0,0,0,2.0,2.0,45.0
19.0,1.0,1.0,1.0,2,2,0,600.0,0,0,1,1.0,1.0,18.0
18.0,0.0,4.0,1.0,2,2,2,1009.026914805378,0,0,1,2.0,2.0,35.0
22.0,1.0,2.0,0.0,2,1,1,458.0,0,0,1,3.0,1.0,32.0
20.0,1.0,2.0,0.0,3,2,1,1050.0,0,0,1,3.0,1.0,70.0
20.0,1.0,3.0,1.0,5,4,2,2000.0,0,0,1,1.0,2.0,86.0
12.0,0.0,10.0,1.0,3,4,3,1556.0,1,0,1,0.0,2.0,250.0
22.0,0.0,3.0,0.0,4,3,1,1950.0,0,0,1,1.0,2.0,85.0
4.0,0.0,7.0,0.0,2,1,2,583.8052488588897,0,0,1,0.0,0.0,50.64
3.0,0.0,6.0,2.0,2,2,2,565.0,0,0,1,1.0,2.0,16.0
15.0,0.0,4.0,1.0,3,3,2,1620.0,1,0,0,1.0,2.0,45.0
26.0,0.0,5.0,1.0,3,3,3,1885.0,0,0,1,3.0,1.0,42.0
10.0,1.0,3.0,0.0,3,3,2,600.0,0,0,1,3.0,1.0,55.0
18.0,0.0,2.0,1.0,2,2,0,1584.0,0,0,1,3.0,2.0,32.0
10.0,1.0,1.0,1.0,2,3,0,1272.0,0,0,1,1.0,1.0,76.0
33.0,0.0,5.0,0.0,3,3,2,2160.0,0,0,1,0.0,2.0,42.0
21.0,0.0,1.0,0.0,1,1,1,272.07967656539466,0,0,1,3.0,1.0,10.0
22.0,1.0,1.0,0.0,2,1,0,660.0,0,0,1,1.0,1.0,26.0
26.0,0.0,1.0,0.0,3,2,1,1680.0,0,0,1,1.0,2.0,31.0
8.0,1.0,2.0,0.0,4,4,2,1000.0,0,0,1,3.0,1.0,225.0
13.0,0.0,2.0,2.0,3,2,0,1075.0,0,0,1,1.0,2.0,18.3
10.0,1.0,2.0,1.0,6,3,2,1400.0,1,0,1,0.0,1.0,55.1
5.0,1.0,1.0,0.0,3,3,2,800.0,0,0,1,1.0,2.0,75.0
18.0,0.0,4.0,0.0,3,3,1,1348.8,0,0,0,1.0,2.0,42.0
3.0,1.0,2.0,1.0,3,3,3,996.0,0,0,2,0.0,1.0,60.0
34.0,0.0,3.0,1.0,3,2,1,1080.0,0,0,1,3.0,2.0,35.0
22.0,0.0,2.0,1.0,3,3,3,1150.5083466193832,0,0,0,0.0,2.0,65.0
29.0,1.0,1.0,1.0,3,2,2,945.0,0,0,1,1.0,1.0,22.0
14.0,1.0,1.0,1.0,3,2,1,2400.0,0,0,1,0.0,1.0,85.0
14.0,1.0,2.0,0.0,5,8,2,1500.0,0,0,1,1.0,1.0,130.0
12.0,1.0,2.0,2.0,3,3,2,1000.0,0,0,1,3.0,1.0,135.0
26.0,0.0,1.0,1.0,5,5,2,2074.0,0,0,1,0.0,2.0,120.0
17.0,0.0,8.0,2.0,3,3,2,1260.0,0,0,1,0.0,2.0,85.0
9.0,0.0,5.0,0.0,3,3,2,1380.0,0,0,1,0.0,2.0,55.0
4.0,1.0,2.0,2.0,3,2,2,800.0,0,0,1,1.0,1.0,65.0
10.0,1.0,2.0,2.0,4,6,2,800.0,0,0,0,3.0,1.0,75.0
10.0,1.0,3.0,2.0,3,5,2,3000.0,0,0,1,3.0,1.0,120.0
13.0,0.0,3.0,2.0,3,2,1,1303.0,0,0,1,3.0,2.0,45.0
22.0,1.0,1.0,1.0,3,3,0,2000.0,0,0,1,1.0,1.0,155.0
9.0,0.0,3.0,2.0,3,2,1,1561.0,0,0,0,3.0,1.0,56.0
33.0,1.0,2.0,1.0,3,4,1,750.0,1,1,1,3.0,0.0,48.0
9.0,0.0,3.0,1.0,2,2,1,791.0,0,0,2,3.0,2.0,40.0
1.0,1.0,2.0,1.0,10,9,2,4500.0,1,1,2,1.0,0.0,1550.0
21.0,0.0,1.0,1.0,2,2,1,699.6334540253006,0,0,1,3.0,1.0,24.0
35.0,1.0,2.0,2.0,4,4,2,780.0,0,0,0,3.0,1.0,47.0
4.0,0.0,1.0,0.0,1,1,0,246.0,0,0,1,3.0,1.0,6.1
4.0,0.0,3.0,1.0,3,2,3,1074.0,0,0,1,1.0,1.0,32.0
22.0,1.0,1.0,1.0,3,3,1,1500.0,0,0,1,3.0,1.0,185.0
12.0,1.0,3.0,2.0,5,5,1,2100.0,0,0,1,1.0,1.0,325.0
4.0,0.0,6.0,1.0,2,2,2,798.3595080933153,0,0,1,1.0,1.0,30.0
9.0,0.0,4.0,1.0,3,3,3,1440.0,0,0,1,3.0,1.0,150.0
22.0,0.0,1.0,0.0,2,2,0,580.0,0,0,1,3.0,1.0,19.0
29.0,1.0,2.0,1.0,4,2,2,2160.0,0,0,1,3.0,1.0,55.0
33.0,0.0,4.0,1.0,3,3,2,2160.0,0,0,1,1.0,2.0,58.0
22.0,0.0,3.0,1.0,3,2,1,1100.0,0,0,1,1.0,2.0,64.0
14.0,0.0,3.0,0.0,3,2,2,1088.3187062615789,0,0,1,1.0,2.0,45.0
33.0,1.0,2.0,1.0,4,3,2,1450.0,0,0,1,3.0,1.0,80.0
3.0,1.0,2.0,1.0,3,3,1,1500.0,0,0,1,1.0,2.0,70.0
8.0,1.0,1.0,0.0,2,2,2,720.0,0,0,1,3.0,1.0,48.0
10.0,1.0,2.0,1.0,3,6,2,1100.0,0,0,1,3.0,1.0,45.0
18.0,0.0,6.0,0.0,3,3,3,1263.227069767904,0,0,0,0.0,2.0,50.0
23.0,0.0,1.0,1.0,4,3,1,1080.0,0,0,1,3.0,1.0,34.0
20.0,0.0,1.0,0.0,2,2,1,840.0,0,0,1,0.0,2.0,25.0
19.0,1.0,3.0,1.0,10,8,3,3700.0,0,0,1,3.0,1.0,200.0
34.0,1.0,2.0,1.0,5,4,1,1000.0,0,0,1,0.0,1.0,125.0
34.0,0.0,2.0,0.0,2,2,2,583.0278783544172,0,0,1,3.0,1.0,27.0
9.0,0.0,6.0,1.0,4,4,3,1916.0,0,0,1,1.0,1.0,150.0
18.0,0.0,1.0,2.0,3,2,1,1104.0,0,0,1,1.0,2.0,45.0
4.0,0.0,4.0,1.0,3,2,1,1200.0,0,0,1,0.0,2.0,40.0
23.0,1.0,3.0,2.0,4,3,2,871.0,0,0,1,0.0,2.0,65.0
10.0,1.0,2.0,0.0,4,2,2,1700.0,0,0,1,3.0,1.0,73.95
31.0,0.0,4.0,1.0,2,2,1,864.0,0,0,2,3.0,1.0,35.0
3.0,1.0,3.0,0.0,6,4,3,1250.0,0,0,1,0.0,1.0,90.0
10.0,1.0,2.0,2.0,3,3,2,1375.0,0,0,1,3.0,1.0,110.0
19.0,1.0,2.0,1.0,5,5,3,2400.0,0,0,1,3.0,1.0,70.0
20.0,0.0,6.0,1.0,3,3,2,2436.0,0,0,0,0.0,2.0,55.0
3.0,0.0,3.0,0.0,3,2,2,954.0,0,0,1,3.0,2.0,31.0
23.0,1.0,3.0,0.0,5,5,0,1000.0,0,0,1,3.0,1.0,100.0
35.0,1.0,1.0,0.0,3,3,1,2200.0,0,0,1,1.0,1.0,100.0
12.0,1.0,2.0,2.0,8,6,1,2400.0,0,0,1,3.0,1.0,200.0
10.0,1.0,1.0,2.0,2,2,1,800.0,0,0,1,3.0,1.0,25.0
10.0,0.0,1.0,2.0,2,1,1,555.6,0,0,1,1.0,1.0,21.0
9.0,0.0,6.0,1.0,2,2,2,1070.0,0,0,1,1.0,2.0,52.0
18.0,1.0,1.0,0.0,2,2,0,1334.0,0,0,1,3.0,1.0,55.0
5.0,0.0,3.0,2.0,2,2,1,625.0,0,0,1,1.0,1.0,16.5
20.0,1.0,2.0,1.0,3,3,1,1800.0,0,0,0,1.0,1.0,90.0
18.0,0.0,2.0,1.0,3,2,2,1041.6764759932253,0,0,1,1.0,2.0,42.0
22.0,1.0,1.0,1.0,4,3,1,600.0,0,0,1,0.0,1.0,40.0
9.0,0.0,7.0,3.0,4,4,3,2220.0,0,0,1,2.0,2.0,93.0
4.0,0.0,4.0,1.0,2,2,0,1080.0,0,0,1,0.0,2.0,36.0
33.0,0.0,1.0,0.0,2,2,1,1356.0,0,0,1,0.0,2.0,30.0
10.0,0.0,9.0,1.0,3,2,2,1023.6,0,0,1,2.0,2.0,50.0
19.0,1.0,2.0,1.0,2,2,1,1000.0,0,0,1,3.0,1.0,25.0
10.0,1.0,1.0,1.0,1,2,1,840.0,0,0,1,3.0,1.0,35.0
14.0,0.0,6.0,1.0,3,2,2,1400.0,0,0,2,0.0,2.0,50.88
2.0,0.0,1.0,0.0,2,2,1,696.0,0,0,1,3.0,1.0,25.0
1.0,1.0,2.0,0.0,5,4,2,1800.0,0,0,1,1.0,1.0,165.0
22.0,0.0,2.0,1.0,2,2,2,859.1999999999999,0,0,0,3.0,2.0,26.0
9.0,0.0,4.0,0.0,3,3,2,1800.0,0,0,0,1.0,2.0,55.0
22.0,1.0,1.0,0.0,3,3,1,1700.0,0,0,2,0.0,2.0,55.0
18.0,0.0,6.0,0.0,2,2,2,950.0,0,0,2,0.0,0.0,35.0
20.0,0.0,1.0,1.0,2,2,2,750.0,0,0,1,0.0,2.0,21.0
13.0,1.0,2.0,2.0,4,4,2,2700.0,0,0,1,1.0,1.0,150.0
33.0,1.0,2.0,1.0,4,3,2,1200.0,0,0,1,1.0,1.0,125.0
10.0,0.0,1.0,2.0,2,1,1,720.0,0,0,1,3.0,1.0,28.0
9.0,0.0,1.0,1.0,2,2,2,599.3526589483408,0,0,2,0.0,2.0,49.9
20.0,0.0,3.0,1.0,2,2,2,720.0,0,0,1,0.0,2.0,26.0
4.0,0.0,1.0,1.0,3,3,0,1500.0,0,0,1,3.0,1.0,65.0
23.0,0.0,3.0,1.0,2,2,1,840.0,0,0,1,3.0,1.0,25.0
10.0,1.0,3.0,2.0,4,11,2,1200.0,0,0,1,3.0,1.0,125.0
3.0,1.0,1.0,2.0,2,2,0,800.0,0,0,1,0.0,1.0,55.0
20.0,0.0,1.0,1.0,2,2,2,621.0,0,0,1,3.0,2.0,38.0
6.0,1.0,5.0,0.0,3,2,0,1260.0,0,0,1,1.0,0.0,45.0
26.0,1.0,2.0,1.0,4,3,3,1500.0,0,1,1,1.0,2.0,175.0
18.0,0.0,6.0,1.0,2,2,1,694.0,0,0,1,0.0,2.0,20.0
29.0,1.0,2.0,3.0,3,3,2,790.0,0,0,1,1.0,1.0,40.0
22.0,1.0,2.0,0.0,3,2,1,1000.0,0,0,1,3.0,1.0,65.0
17.0,1.0,2.0,2.0,3,3,1,1500.0,0,0,1,1.0,1.0,200.0
25.0,1.0,2.0,1.0,3,3,2,1920.0,0,0,1,0.0,2.0,75.0
21.0,0.0,1.0,0.0,1,1,1,272.07967656539466,0,0,1,0.0,1.0,10.0
22.0,0.0,3.0,0.0,1,1,1,505.2908279071616,0,0,1,3.0,1.0,20.0
19.0,1.0,2.0,1.0,2,3,1,800.0,0,0,1,1.0,1.0,62.0
14.0,1.0,2.0,2.0,4,3,1,2000.0,0,0,1,1.0,1.0,95.0
26.0,0.0,3.0,0.0,3,2,1,1096.0,0,0,1,0.0,0.0,28.0
33.0,1.0,1.0,0.0,3,3,2,1398.0,1,1,2,0.0,0.0,55.0
3.0,1.0,2.0,1.0,3,4,1,880.0,0,0,1,3.0,1.0,75.0
9.0,1.0,3.0,0.0,3,6,3,1500.0,0,0,1,1.0,1.0,120.0
12.0,0.0,1.0,2.0,2,2,1,1076.4,0,0,1,3.0,2.0,80.0
2.0,1.0,1.0,1.0,3,2,1,750.0,0,0,1,3.0,2.0,65.0
18.0,1.0,2.0,0.0,4,4,2,1800.0,0,0,2,0.0,1.0,155.0
26.0,1.0,2.0,1.0,5,6,3,3400.0,0,0,1,0.0,1.0,100.0
6.0,0.0,4.0,0.0,3,2,2,1524.0,0,0,0,0.0,2.0,35.0
